51346;x
42147;x
59320;x
42911;x
31640;x
24586;x
91543;x
81591;x
63119;x
26822;x
30555;x
96614;x
8250;x
25374;x
54928;x
21881;x
38319;x
89184;x
53927;x
87987;x
77257;x
50661;x
78711;x
87684;x
7216;x
78761;x
9894;x
35522;x
80765;x
95046;x
23384;x
73955;x
12407;x
51049;x
21731;x
1262;x
8387;x
39533;x
51889;x
12063;x
46845;x
32597;x
90311;x
44843;x
88968;x
38590;x
5081;x
72959;x
49445;x
94583;x
5866;x
10857;x
19229;x
95723;x
1145;x
75585;x
22016;x
16375;x
35504;x
38963;x
97828;x
22677;x
19754;x
80673;x
74638;x
58909;x
22200;x
29655;x
84768;x
24946;x
4797;x
26131;x
959;x
23484;x
94760;x
76464;x
99788;x
88759;x
16616;x
24685;x
46351;x
27242;x
54229;x
97243;x
69227;x
33574;x
10856;x
71593;x
24491;x
46034;x
44802;x
34358;x
12256;x
80229;x
53638;x
9377;x
71391;x
6992;x
61434;x
13893;x
80154;x
29596;x
66780;x
39616;x
91606;x
82277;x
62488;x
78612;x
66167;x
98458;x
58401;x
61258;x
82283;x
42100;x
77462;x
28136;x
4593;x
43095;x
29797;x
71442;x
57199;x
36203;x
10761;x
48001;x
10594;x
77527;x
24647;x
29984;x
42945;x
88723;x
5998;x
21606;x
25573;x
56079;x
6601;x
7196;x
85684;x
83913;x
58250;x
8000;x
8277;x
92250;x
41363;x
32403;x
17707;x
11649;x
17940;x
61306;x
67094;x
79265;x
48538;x
23480;x
42553;x
73906;x
90189;x
68609;x
27906;x
37500;x
12953;x
82553;x
15312;x
72866;x
99319;x
82528;x
6651;x
88862;x
14654;x
50311;x
54925;x
50598;x
31659;x
68187;x
25951;x
22459;x
24327;x
93232;x
89549;x
16759;x
29906;x
54108;x
17237;x
69128;x
66251;x
49471;x
14958;x
76424;x
79047;x
86146;x
65810;x
20175;x
87875;x
28857;x
26594;x
956;x
16959;x
14078;x
48926;x
43472;x
93190;x
96490;x
68083;x
47963;x
46384;x
43195;x
18351;x
7326;x
67789;x
88062;x
37584;x
65281;x
11787;x
79201;x
62684;x
51961;x
60116;x
12798;x
92612;x
40788;x
45595;x
93828;x
85850;x
64205;x
51906;x
74413;x
7473;x
21397;x
26786;x
65033;x
66270;x
33944;x
90482;x
39421;x
70854;x
98308;x
37690;x
32484;x
98020;x
26951;x
26675;x
45478;x
61080;x
81481;x
30245;x
20757;x
74738;x
10963;x
85885;x
63526;x
73638;x
17562;x
42066;x
12402;x
22307;x
47254;x
79070;x
99315;x
55601;x
20703;x
23191;x
62444;x
22531;x
18626;x
96116;x
72684;x
874;x
62605;x
76318;x
91375;x
81185;x
62808;x
86197;x
46172;x
17605;x
84620;x
75096;x
38985;x
93700;x
4886;x
74196;x
13840;x
20266;x
81886;x
45132;x
6272;x
60205;x
49952;x
95109;x
92030;x
92375;x
35754;x
1892;x
67517;x
68088;x
81430;x
67005;x
87708;x
19053;x
77031;x
28824;x
10342;x
47807;x
9134;x
38681;x
68002;x
59032;x
77263;x
60796;x
9105;x
9448;x
70977;x
62100;x
20612;x
78052;x
56774;x
65286;x
43178;x
62657;x
39736;x
61973;x
55236;x
96491;x
1412;x
18419;x
55699;x
31018;x
3382;x
13638;x
12173;x
52622;x
39293;x
90562;x
74957;x
94463;x
30331;x
49347;x
13832;x
37712;x
10927;x
99314;x
25061;x
89169;x
192;x
40661;x
19882;x
83805;x
28175;x
45263;x
10540;x
10912;x
99485;x
9300;x
51626;x
93756;x
84841;x
83305;x
68454;x
89967;x
65846;x
15084;x
20197;x
4265;x
44563;x
62680;x
64906;x
22482;x
38826;x
37659;x
23979;x
4638;x
62129;x
76443;x
62342;x
92734;x
34765;x
73292;x
57717;x
1284;x
65180;x
91797;x
93130;x
84554;x
89805;x
17753;x
72320;x
39773;x
58946;x
55229;x
6353;x
44897;x
69920;x
54751;x
46715;x
61055;x
22023;x
58267;x
44033;x
44058;x
92279;x
31414;x
68893;x
77526;x
32387;x
40261;x
81340;x
19281;x
53166;x
98721;x
91391;x
93319;x
72256;x
24556;x
12649;x
95663;x
50294;x
59088;x
26624;x
46283;x
32744;x
45443;x
10541;x
3702;x
81384;x
4561;x
18673;x
95648;x
5324;x
62362;x
68238;x
71944;x
74138;x
72650;x
60337;x
93644;x
50675;x
25807;x
65331;x
60469;x
34601;x
82686;x
74326;x
64444;x
13162;x
6803;x
69938;x
95369;x
41128;x
86725;x
31189;x
16794;x
41380;x
17847;x
73776;x
73000;x
92481;x
48533;x
16808;x
83705;x
4005;x
22224;x
846;x
27580;x
52133;x
88928;x
81529;x
41651;x
82634;x
71195;x
18658;x
10127;x
28151;x
17765;x
76175;x
38829;x
89025;x
49272;x
91008;x
28594;x
30579;x
34217;x
37529;x
38663;x
4521;x
17503;x
83418;x
42184;x
59152;x
27109;x
53514;x
81324;x
43040;x
60264;x
61363;x
15258;x
45141;x
38204;x
50737;x
59967;x
21823;x
36471;x
87113;x
74335;x
31539;x
43261;x
51884;x
9426;x
49210;x
87879;x
77048;x
28127;x
50533;x
36170;x
6036;x
22691;x
9699;x
96224;x
95969;x
41628;x
3556;x
22127;x
37888;x
66985;x
99642;x
48853;x
52164;x
71365;x
45664;x
10523;x
15790;x
56603;x
8626;x
8944;x
58592;x
45884;x
4685;x
7387;x
28358;x
25135;x
56259;x
88345;x
34604;x
85807;x
56049;x
46503;x
33983;x
26248;x
77548;x
8772;x
62332;x
77593;x
16435;x
12984;x
60463;x
77733;x
22773;x
62390;x
49315;x
7922;x
38045;x
85629;x
36881;x
71865;x
3912;x
79177;x
62803;x
63873;x
22623;x
41425;x
94896;x
68370;x
23784;x
46921;x
18338;x
17437;x
23968;x
91358;x
43659;x
99314;x
36757;x
35825;x
41247;x
51321;x
65464;x
91768;x
21333;x
73906;x
59184;x
24686;x
71620;x
34111;x
38570;x
24687;x
15560;x
78314;x
63445;x
3475;x
46414;x
59098;x
81738;x
59378;x
92736;x
99770;x
7162;x
27541;x
71918;x
75611;x
58164;x
96619;x
79769;x
26154;x
81142;x
53633;x
67872;x
2720;x
71420;x
25519;x
5968;x
93204;x
67831;x
36373;x
56705;x
52657;x
48101;x
50139;x
18032;x
87359;x
45096;x
6416;x
68212;x
13644;x
54073;x
16546;x
80142;x
14975;x
26621;x
19347;x
20618;x
92958;x
27306;x
82356;x
42732;x
92944;x
87117;x
92605;x
85627;x
291;x
17642;x
46132;x
9107;x
90276;x
18276;x
7701;x
90918;x
2746;x
35502;x
93088;x
41520;x
60335;x
75835;x
64062;x
10337;x
99146;x
7350;x
25481;x
14943;x
62804;x
80761;x
45024;x
95558;x
70283;x
13619;x
5521;x
9202;x
13601;x
6883;x
58789;x
83199;x
30355;x
92458;x
12946;x
36254;x
48872;x
28690;x
33028;x
93949;x
50054;x
58418;x
21180;x
98883;x
31384;x
87495;x
31359;x
21662;x
19001;x
42624;x
1504;x
78441;x
31870;x
87682;x
55839;x
12814;x
8692;x
77811;x
72795;x
69417;x
8829;x
99423;x
77342;x
20286;x
91704;x
74840;x
67320;x
30727;x
15622;x
40390;x
97450;x
12340;x
21059;x
69290;x
86220;x
16590;x
65924;x
1623;x
13726;x
56243;x
80313;x
97077;x
89390;x
57948;x
18024;x
70961;x
31774;x
36917;x
62331;x
5517;x
97231;x
99841;x
95378;x
67560;x
41403;x
58394;x
20027;x
86083;x
3344;x
98337;x
87767;x
496;x
95787;x
82443;x
45264;x
45932;x
38859;x
42609;x
58244;x
85582;x
83333;x
37526;x
76616;x
70866;x
3363;x
46467;x
56775;x
7212;x
44970;x
37391;x
95114;x
10599;x
84229;x
49803;x
23801;x
71740;x
64436;x
85471;x
59832;x
11954;x
93707;x
69879;x
17475;x
15053;x
19941;x
31867;x
5742;x
62927;x
16504;x
10878;x
6139;x
58576;x
22627;x
97398;x
19688;x
98675;x
86454;x
96708;x
41087;x
30274;x
55356;x
43173;x
28925;x
3688;x
63399;x
12220;x
22662;x
61739;x
83566;x
21142;x
33233;x
59679;x
11473;x
78751;x
51066;x
19601;x
50462;x
27594;x
6278;x
88636;x
1124;x
97924;x
79004;x
60980;x
41194;x
41978;x
96794;x
55341;x
53220;x
27302;x
87312;x
65173;x
41614;x
42688;x
63395;x
77930;x
26203;x
45186;x
13350;x
71594;x
86598;x
51316;x
96813;x
18136;x
37704;x
32570;x
79725;x
17326;x
40774;x
74481;x
81429;x
52940;x
13774;x
72965;x
51463;x
14812;x
479;x
12370;x
80157;x
99863;x
76662;x
73641;x
29928;x
92765;x
53361;x
54897;x
94568;x
28568;x
15956;x
32147;x
96220;x
83393;x
49019;x
75537;x
40129;x
515;x
89199;x
60425;x
70449;x
94490;x
16653;x
14756;x
52035;x
31142;x
26946;x
31638;x
65725;x
74229;x
86141;x
55965;x
98801;x
80495;x
88131;x
4142;x
11109;x
42796;x
51471;x
96923;x
16388;x
86213;x
67022;x
84046;x
95614;x
94439;x
88204;x
33028;x
50589;x
17031;x
74445;x
61269;x
230;x
32779;x
52346;x
57220;x
21897;x
60338;x
4388;x
64753;x
91423;x
84096;x
63800;x
19139;x
63835;x
14030;x
47947;x
62818;x
7308;x
17013;x
26944;x
94006;x
28201;x
64938;x
90591;x
77796;x
66470;x
21274;x
74783;x
18822;x
94123;x
11910;x
29428;x
56343;x
60825;x
32516;x
38075;x
96874;x
62261;x
49113;x
5052;x
6368;x
75016;x
89564;x
5029;x
43613;x
94275;x
38441;x
23376;x
99536;x
74015;x
45463;x
51360;x
33728;x
70833;x
34923;x
68867;x
65417;x
38439;x
82715;x
87704;x
23267;x
97948;x
82662;x
89435;x
70626;x
60574;x
25845;x
14262;x
38962;x
17677;x
43426;x
38971;x
18480;x
31552;x
57235;x
25347;x
54270;x
83965;x
78770;x
97894;x
78484;x
65737;x
50513;x
99333;x
29644;x
93655;x
57425;x
92535;x
45615;x
18201;x
46132;x
35297;x
69259;x
37970;x
61072;x
29227;x
83013;x
89210;x
98497;x
80729;x
56712;x
83922;x
699;x
80476;x
41334;x
86722;x
34570;x
10807;x
31504;x
70224;x
51852;x
77314;x
83847;x
33756;x
35697;x
36177;x
78165;x
33262;x
63990;x
76594;x
20979;x
31803;x
18515;x
17924;x
33990;x
32889;x
41120;x
54417;x
26907;x
64184;x
79887;x
26636;x
44762;x
76496;x
70550;x
9956;x
12328;x
99367;x
35892;x
45734;x
75410;x
39130;x
1341;x
83978;x
77541;x
7719;x
69009;x
6115;x
78178;x
46353;x
10133;x
47831;x
15039;x
43974;x
75150;x
24792;x
33683;x
50983;x
39224;x
23902;x
85908;x
28494;x
86096;x
76011;x
1200;x
51311;x
60222;x
7911;x
45084;x
76247;x
28236;x
6354;x
43993;x
24039;x
51886;x
74349;x
59975;x
99130;x
86390;x
82756;x
62078;x
47754;x
1851;x
89763;x
6333;x
2556;x
91996;x
1790;x
7303;x
3597;x
44859;x
92730;x
14914;x
57585;x
58528;x
69196;x
96450;x
35798;x
76329;x
69771;x
44502;x
51155;x
86825;x
58050;x
90920;x
19559;x
82818;x
78385;x
53884;x
63452;x
77194;x
31541;x
68288;x
49698;x
30422;x
7031;x
35494;x
60099;x
16009;x
64502;x
57706;x
71850;x
74172;x
40852;x
14762;x
10562;x
25870;x
24016;x
91739;x
53196;x
77326;x
56348;x
56887;x
93301;x
97775;x
78682;x
68457;x
35432;x
78669;x
16073;x
94930;x
67044;x
34186;x
95152;x
8032;x
71383;x
55468;x
91409;x
23021;x
25466;x
5809;x
75772;x
43200;x
95643;x
56381;x
88638;x
98442;x
59456;x
44080;x
96762;x
96529;x
56343;x
52384;x
67549;x
91477;x
9019;x
62005;x
71019;x
85491;x
50046;x
8095;x
52332;x
84378;x
22225;x
9459;x
46071;x
95962;x
90466;x
93598;x
86742;x
23918;x
8228;x
16536;x
72666;x
65141;x
36109;x
18399;x
56541;x
69613;x
69855;x
76878;x
23608;x
77269;x
97901;x
48807;x
23504;x
61659;x
50046;x
22714;x
1301;x
73771;x
76604;x
26763;x
98793;x
76751;x
23442;x
9264;x
90782;x
29937;x
95125;x
6442;x
2912;x
57966;x
65795;x
92906;x
76221;x
86173;x
86405;x
29830;x
57810;x
8327;x
61965;x
14771;x
5829;x
46863;x
21009;x
31496;x
28171;x
91529;x
79366;x
76416;x
6799;x
55720;x
54233;x
96492;x
9569;x
16298;x
260;x
19108;x
9999;x
31505;x
60742;x
82566;x
16321;x
68428;x
71243;x
54540;x
2592;x
93507;x
8776;x
47818;x
50130;x
35553;x
54125;x
84558;x
42705;x
64751;x
55574;x
32473;x
65404;x
17985;x
45431;x
50144;x
48290;x
39944;x
51456;x
32510;x
29727;x
19194;x
39468;x
17917;x
65945;x
25477;x
57459;x
84886;x
36218;x
25387;x
27326;x
78719;x
27654;x
69628;x
27791;x
62282;x
61016;x
81043;x
26668;x
22840;x
35483;x
246;x
16192;x
85603;x
64920;x
85300;x
27839;x
34264;x
18391;x
70042;x
1722;x
23655;x
1742;x
31171;x
26865;x
78968;x
29587;x
75119;x
80349;x
49853;x
28655;x
43631;x
34455;x
66078;x
35163;x
18357;x
80789;x
4066;x
57702;x
27624;x
68691;x
13403;x
84977;x
80919;x
70369;x
89616;x
7459;x
32226;x
77354;x
21889;x
99697;x
12525;x
28525;x
28938;x
644;x
16156;x
56149;x
86918;x
64534;x
51053;x
72757;x
6434;x
65863;x
32037;x
73868;x
85031;x
33851;x
56359;x
11244;x
28257;x
40078;x
99165;x
42228;x
88093;x
98750;x
96504;x
74405;x
47299;x
51113;x
25231;x
4721;x
63954;x
44366;x
58828;x
64373;x
51575;x
29878;x
8100;x
18763;x
58360;x
91637;x
1031;x
15674;x
14343;x
24991;x
27379;x
86466;x
13254;x
84538;x
61711;x
18731;x
42737;x
36936;x
12796;x
29147;x
89265;x
16977;x
66436;x
21474;x
54044;x
24267;x
29234;x
96395;x
25634;x
81533;x
22542;x
75491;x
34248;x
84182;x
91415;x
93290;x
64519;x
86856;x
4548;x
97163;x
65763;x
66581;x
82824;x
88352;x
54769;x
32009;x
18364;x
34521;x
24308;x
19146;x
63422;x
39087;x
66959;x
24146;x
33711;x
8041;x
79989;x
50693;x
26212;x
83430;x
36891;x
36334;x
274;x
67100;x
95051;x
78652;x
89618;x
73310;x
1489;x
29872;x
5865;x
55902;x
39297;x
65020;x
47218;x
27488;x
80881;x
35182;x
37822;x
99555;x
71711;x
97362;x
67806;x
19023;x
28496;x
18075;x
60444;x
29214;x
32115;x
65045;x
8596;x
38928;x
94621;x
37643;x
65458;x
25323;x
70390;x
99154;x
77212;x
61020;x
3548;x
7960;x
38890;x
72085;x
5087;x
74224;x
8540;x
36735;x
57702;x
48038;x
35392;x
99657;x
99248;x
86977;x
85654;x
99537;x
17726;x
98900;x
31821;x
8675;x
6054;x
77374;x
28681;x
34448;x
37733;x
33244;x
20540;x
49897;x
63941;x
81185;x
37757;x
31967;x
75337;x
32812;x
55010;x
71695;x
57829;x
70308;x
70334;x
68136;x
96797;x
917;x
76623;x
35312;x
74699;x
96174;x
6434;x
89723;x
59987;x
63763;x
1360;x
55093;x
80746;x
1207;x
51862;x
1501;x
86177;x
9341;x
51510;x
9790;x
68244;x
39300;x
12739;x
21735;x
75908;x
76101;x
46821;x
38249;x
24726;x
93005;x
87238;x
6620;x
36420;x
51874;x
19525;x
68656;x
41613;x
29916;x
77650;x
15743;x
58951;x
91000;x
83214;x
20799;x
43178;x
20742;x
31274;x
49251;x
60058;x
53950;x
5797;x
59274;x
92294;x
83631;x
10966;x
6916;x
65979;x
81304;x
9016;x
39550;x
97777;x
58686;x
54953;x
15226;x
63404;x
62264;x
64458;x
74860;x
2514;x
35287;x
12197;x
66012;x
12365;x
41411;x
49840;x
9210;x
25877;x
77980;x
65400;x
68993;x
81966;x
75704;x
99112;x
90649;x
52892;x
45086;x
74723;x
56483;x
40564;x
19677;x
33851;x
27238;x
85753;x
33880;x
29552;x
78039;x
87180;x
20496;x
9565;x
39065;x
53808;x
22448;x
29835;x
35604;x
41868;x
79749;x
31366;x
86278;x
55004;x
63311;x
3841;x
31160;x
3060;x
29547;x
70214;x
69585;x
45270;x
10423;x
35585;x
77899;x
35490;x
62683;x
85915;x
60339;x
79658;x
73783;x
67672;x
41633;x
63756;x
11421;x
76324;x
73126;x
92202;x
71222;x
23110;x
83690;x
9414;x
5752;x
40797;x
18844;x
3186;x
86536;x
65390;x
94114;x
10318;x
37732;x
29025;x
87850;x
37167;x
90870;x
91727;x
87306;x
97867;x
19286;x
67933;x
71393;x
9743;x
31809;x
59097;x
54444;x
83045;x
17043;x
45807;x
75888;x
39143;x
93383;x
17321;x
69880;x
23779;x
24412;x
85667;x
99591;x
58839;x
25404;x
8468;x
4673;x
15459;x
71025;x
62296;x
82976;x
31452;x
78792;x
26952;x
28235;x
96527;x
55824;x
45307;x
937;x
43546;x
63577;x
81871;x
4127;x
15826;x
31115;x
33808;x
39827;x
15475;x
7554;x
68164;x
27174;x
94821;x
92686;x
55194;x
90704;x
4655;x
18900;x
65161;x
13693;x
24600;x
45995;x
21029;x
45979;x
66592;x
90511;x
47873;x
32552;x
18946;x
40877;x
29964;x
81104;x
68583;x
34510;x
38984;x
28531;x
36449;x
16222;x
9957;x
59251;x
34887;x
49483;x
60783;x
66683;x
23218;x
77530;x
4549;x
17398;x
98907;x
40109;x
60217;x
92748;x
71435;x
17358;x
84648;x
62251;x
78686;x
20073;x
67967;x
9174;x
86847;x
34810;x
39254;x
76591;x
15290;x
90406;x
67427;x
34838;x
14308;x
65590;x
2290;x
11698;x
11235;x
9902;x
19127;x
52886;x
76020;x
73877;x
69458;x
406;x
20154;x
73466;x
49818;x
18308;x
2041;x
12160;x
78467;x
62302;x
54857;x
60115;x
1729;x
85391;x
82392;x
22333;x
24386;x
93585;x
51612;x
51165;x
44265;x
79621;x
78931;x
69256;x
98483;x
72121;x
66446;x
57228;x
60242;x
66573;x
91074;x
83106;x
6180;x
32933;x
65319;x
88057;x
39977;x
68700;x
14832;x
16525;x
88633;x
32913;x
91407;x
83773;x
71410;x
26233;x
14618;x
96732;x
53608;x
51999;x
13007;x
49483;x
41339;x
24788;x
17136;x
41123;x
15212;x
58015;x
89439;x
96817;x
2079;x
57676;x
32643;x
27769;x
70858;x
90028;x
34814;x
71935;x
35415;x
2374;x
49267;x
96085;x
63244;x
86647;x
33867;x
43340;x
11725;x
68596;x
16637;x
74741;x
23592;x
23900;x
52696;x
54388;x
72088;x
6374;x
95491;x
86219;x
70196;x
55797;x
89595;x
68948;x
12756;x
87334;x
27183;x
81823;x
25427;x
33718;x
37670;x
89807;x
70324;x
32600;x
87372;x
61980;x
2893;x
11589;x
36367;x
52054;x
74012;x
91562;x
65285;x
35875;x
20762;x
56867;x
56500;x
18859;x
78688;x
51054;x
29831;x
44436;x
83295;x
95633;x
52167;x
91644;x
53784;x
21461;x
484;x
75606;x
59043;x
2406;x
3352;x
93407;x
80871;x
79369;x
93041;x
92328;x
49733;x
88597;x
17065;x
79863;x
39694;x
55145;x
99230;x
64274;x
89846;x
15254;x
33504;x
13013;x
31493;x
33822;x
21056;x
66341;x
95700;x
32884;x
81352;x
97407;x
89317;x
8784;x
68085;x
11163;x
27265;x
30882;x
21291;x
3058;x
73406;x
81565;x
20360;x
36965;x
66784;x
97479;x
86791;x
94061;x
20446;x
4144;x
39889;x
23330;x
46023;x
67349;x
62435;x
78497;x
80083;x
60346;x
20632;x
18563;x
91973;x
88567;x
5644;x
19769;x
551;x
74845;x
640;x
42184;x
33671;x
74206;x
82647;x
47378;x
87655;x
11726;x
21418;x
29361;x
10994;x
6212;x
81383;x
61552;x
42174;x
16423;x
28118;x
39427;x
81748;x
64369;x
46313;x
80034;x
56027;x
24108;x
3817;x
70927;x
70853;x
6180;x
53264;x
78568;x
49918;x
18061;x
85848;x
60672;x
61830;x
99213;x
93975;x
59118;x
97184;x
82670;x
92855;x
63920;x
40463;x
90439;x
31864;x
7924;x
73239;x
2061;x
24001;x
23803;x
88034;x
26461;x
76098;x
34596;x
24122;x
91757;x
92737;x
82771;x
1447;x
28050;x
36193;x
31427;x
15428;x
41682;x
4634;x
96381;x
68153;x
18213;x
15909;x
27576;x
50204;x
8021;x
5078;x
25555;x
29924;x
568;x
62428;x
20097;x
49126;x
99878;x
25238;x
66963;x
22138;x
76799;x
88290;x
69360;x
88685;x
62186;x
32551;x
96012;x
23989;x
72314;x
50029;x
88375;x
68182;x
70076;x
35306;x
68620;x
48502;x
7017;x
79960;x
55755;x
25252;x
4425;x
74137;x
12495;x
6161;x
34216;x
82904;x
56035;x
19679;x
16588;x
45017;x
29408;x
3035;x
15140;x
75872;x
6314;x
90294;x
68175;x
28232;x
77922;x
50483;x
4900;x
58427;x
87090;x
90925;x
62609;x
88997;x
8075;x
77265;x
26008;x
96466;x
60254;x
53981;x
27190;x
34409;x
39117;x
194;x
76918;x
76459;x
6156;x
81848;x
36121;x
78949;x
86108;x
636;x
3074;x
15830;x
55995;x
40476;x
10186;x
23543;x
73564;x
51636;x
75496;x
38066;x
27822;x
76961;x
29484;x
21199;x
45933;x
65216;x
9662;x
22477;x
22706;x
54371;x
65320;x
29940;x
97974;x
24694;x
76583;x
6848;x
26698;x
55489;x
12261;x
90231;x
85624;x
11437;x
27340;x
44396;x
97607;x
33093;x
46467;x
76727;x
95783;x
60304;x
57486;x
6615;x
86483;x
44992;x
5690;x
5386;x
6501;x
48176;x
26311;x
55016;x
18338;x
70933;x
37898;x
60117;x
59488;x
49695;x
68069;x
3967;x
27316;x
95586;x
1044;x
92024;x
53759;x
458;x
35905;x
38722;x
66794;x
82495;x
79801;x
75689;x
57331;x
39669;x
10028;x
31875;x
62256;x
46990;x
27290;x
55349;x
32842;x
85981;x
86033;x
60540;x
54801;x
52453;x
20541;x
81773;x
30482;x
95984;x
89526;x
5412;x
28420;x
37920;x
35604;x
15542;x
78073;x
40661;x
44089;x
65789;x
16151;x
32697;x
55046;x
75703;x
23858;x
64817;x
11427;x
82328;x
19697;x
54551;x
31625;x
35991;x
26652;x
42521;x
60505;x
84695;x
94352;x
53942;x
72111;x
32914;x
90396;x
35373;x
60996;x
45191;x
40212;x
82207;x
4953;x
64457;x
21116;x
43416;x
10186;x
38462;x
19956;x
41983;x
35101;x
47084;x
3260;x
61780;x
65358;x
48136;x
10240;x
13959;x
1725;x
94963;x
76368;x
58898;x
43949;x
71505;x
4185;x
21210;x
90299;x
13576;x
40385;x
88860;x
19503;x
72462;x
22632;x
42649;x
26239;x
491;x
7671;x
78239;x
6548;x
94668;x
23407;x
13676;x
81039;x
59391;x
53071;x
25290;x
35891;x
32086;x
47879;x
19987;x
78048;x
90207;x
54308;x
60865;x
28888;x
5309;x
37288;x
10511;x
9580;x
3227;x
49481;x
19064;x
19156;x
16967;x
40711;x
4678;x
56964;x
17588;x
60618;x
26217;x
2630;x
82209;x
34533;x
70828;x
25150;x
55116;x
14617;x
30345;x
49285;x
53786;x
30506;x
55636;x
98248;x
15499;x
60408;x
65093;x
35880;x
42450;x
65168;x
32346;x
12626;x
57620;x
66264;x
54138;x
33240;x
57887;x
31604;x
8950;x
83028;x
5393;x
45212;x
4254;x
1237;x
32645;x
36964;x
59768;x
26359;x
43853;x
14629;x
81217;x
44001;x
54973;x
86197;x
61769;x
67729;x
23323;x
82353;x
85197;x
75042;x
69291;x
94959;x
86983;x
25588;x
12245;x
96054;x
22553;x
48641;x
47485;x
3718;x
48166;x
45345;x
78893;x
32156;x
33123;x
38334;x
80979;x
37173;x
71433;x
87840;x
11168;x
17280;x
83334;x
33346;x
9509;x
35413;x
93601;x
75416;x
55434;x
19492;x
63240;x
77923;x
20255;x
91026;x
73543;x
48264;x
97069;x
9657;x
47409;x
47165;x
85478;x
56222;x
76746;x
21327;x
48899;x
40436;x
49505;x
61875;x
76145;x
63100;x
85137;x
23525;x
91914;x
77825;x
30475;x
96439;x
48089;x
42563;x
92938;x
86360;x
55953;x
30403;x
89142;x
73658;x
64248;x
59130;x
92287;x
40224;x
80865;x
92921;x
37954;x
46820;x
63365;x
56303;x
52307;x
61108;x
58705;x
54913;x
84516;x
75830;x
16915;x
7750;x
53686;x
23387;x
96657;x
81202;x
76961;x
31380;x
53755;x
90638;x
44557;x
74355;x
99874;x
80908;x
5057;x
23091;x
82133;x
43298;x
32448;x
35271;x
11908;x
93599;x
35724;x
56482;x
64301;x
2067;x
59085;x
7417;x
16652;x
69469;x
11368;x
85938;x
65655;x
23490;x
33865;x
18642;x
82266;x
82289;x
17679;x
30773;x
95669;x
34881;x
35054;x
10682;x
94726;x
63907;x
39093;x
82327;x
47905;x
86059;x
97068;x
43020;x
84883;x
82270;x
13572;x
19879;x
65093;x
94365;x
1075;x
94026;x
3144;x
30999;x
10547;x
61594;x
13567;x
61999;x
79267;x
32382;x
29383;x
61843;x
48420;x
15435;x
11009;x
693;x
21035;x
66088;x
87796;x
29471;x
92625;x
96417;x
14700;x
45730;x
55655;x
88690;x
59845;x
62207;x
53900;x
24182;x
21181;x
35153;x
4878;x
57553;x
28474;x
37834;x
85834;x
86943;x
61843;x
64141;x
18293;x
85650;x
70153;x
20141;x
14354;x
55330;x
83472;x
43728;x
66108;x
74842;x
74042;x
81118;x
61004;x
29357;x
73686;x
20633;x
45827;x
1355;x
71569;x
98054;x
80002;x
2953;x
45678;x
35004;x
15422;x
30714;x
41455;x
74726;x
12081;x
14668;x
38328;x
17250;x
23971;x
76191;x
7073;x
38760;x
40985;x
56561;x
55363;x
37356;x
33163;x
1818;x
10162;x
55897;x
89106;x
68788;x
52410;x
74462;x
36794;x
5861;x
4427;x
1213;x
18173;x
50074;x
23640;x
97019;x
1825;x
31783;x
24465;x
36455;x
69384;x
45947;x
75171;x
59675;x
99737;x
82448;x
19890;x
65793;x
53712;x
37880;x
9967;x
22318;x
84099;x
67140;x
25922;x
14669;x
90640;x
29652;x
10383;x
46731;x
85666;x
40995;x
23365;x
84273;x
66825;x
12431;x
2954;x
90113;x
14847;x
63156;x
54728;x
11968;x
13685;x
69413;x
68704;x
30746;x
70849;x
40965;x
61026;x
58335;x
72101;x
76834;x
87271;x
44303;x
56032;x
53316;x
52146;x
91037;x
54462;x
2086;x
83363;x
25784;x
10522;x
28758;x
64713;x
91538;x
35300;x
74450;x
92279;x
91123;x
18808;x
27798;x
58926;x
41791;x
96307;x
12092;x
1339;x
90583;x
57248;x
19150;x
89245;x
19168;x
40724;x
92300;x
81092;x
68900;x
92028;x
19256;x
17883;x
28994;x
4667;x
74370;x
45902;x
51760;x
35558;x
82721;x
13264;x
4119;x
90899;x
20615;x
44564;x
15282;x
41729;x
87495;x
94630;x
98281;x
61818;x
49051;x
28960;x
59215;x
30466;x
87551;x
58140;x
72325;x
77332;x
90824;x
66287;x
26207;x
78416;x
62202;x
45379;x
67932;x
79671;x
77828;x
32445;x
27718;x
41045;x
45519;x
81991;x
37711;x
4233;x
73836;x
44559;x
42655;x
14044;x
42568;x
38709;x
4824;x
38451;x
74562;x
20770;x
47827;x
91652;x
95127;x
54075;x
56600;x
50643;x
42705;x
33888;x
84709;x
15406;x
23816;x
35803;x
29278;x
93787;x
35018;x
66526;x
23816;x
15655;x
66526;x
50492;x
32197;x
20033;x
87449;x
69921;x
87127;x
35312;x
50711;x
90924;x
61042;x
16499;x
33395;x
91120;x
15892;x
1309;x
5611;x
89696;x
5989;x
91497;x
14587;x
7360;x
97442;x
54739;x
81126;x
94300;x
21925;x
5802;x
82731;x
41575;x
83524;x
3474;x
21405;x
39843;x
40617;x
68525;x
48641;x
17737;x
6850;x
98093;x
1080;x
96021;x
4102;x
68471;x
45952;x
17758;x
94992;x
96955;x
44844;x
23201;x
13418;x
61675;x
13612;x
42127;x
81839;x
51018;x
61078;x
64238;x
98146;x
99964;x
73461;x
81615;x
40772;x
10407;x
77829;x
5138;x
37103;x
23024;x
8667;x
5930;x
42416;x
22459;x
62196;x
93541;x
39435;x
76257;x
72342;x
117;x
86622;x
21227;x
32160;x
56104;x
56501;x
34512;x
67800;x
96506;x
34787;x
24258;x
94649;x
49221;x
20845;x
31561;x
52598;x
63127;x
43480;x
42217;x
8380;x
323;x
91485;x
29625;x
17013;x
38794;x
89902;x
95946;x
38429;x
6654;x
84705;x
14277;x
42621;x
10377;x
93685;x
16907;x
68105;x
36393;x
70477;x
29549;x
61566;x
98594;x
16196;x
38320;x
40327;x
63615;x
1480;x
89973;x
62741;x
2767;x
40953;x
19377;x
79044;x
66085;x
80741;x
57308;x
94345;x
79269;x
24843;x
28155;x
29662;x
96205;x
80834;x
70064;x
86316;x
41594;x
12255;x
8863;x
17368;x
67593;x
63959;x
59212;x
98331;x
61486;x
53149;x
29369;x
98335;x
96553;x
89919;x
63779;x
38848;x
71460;x
51502;x
79386;x
89371;x
26343;x
62125;x
39981;x
65570;x
57131;x
94515;x
81775;x
74464;x
27515;x
69959;x
15353;x
78871;x
99126;x
30071;x
93207;x
66975;x
56457;x
83551;x
17445;x
71507;x
49010;x
82665;x
62019;x
23567;x
95012;x
45968;x
26048;x
4156;x
6911;x
95440;x
7551;x
33284;x
99784;x
72083;x
13507;x
13409;x
95149;x
80199;x
71695;x
40880;x
19930;x
66631;x
60976;x
33969;x
98388;x
8077;x
43613;x
36341;x
3448;x
68856;x
25008;x
18849;x
754;x
46970;x
42365;x
13094;x
56394;x
29861;x
85403;x
97300;x
6092;x
60284;x
13443;x
13385;x
94545;x
35846;x
86378;x
65612;x
60085;x
89649;x
2323;x
58317;x
82893;x
3853;x
71877;x
49533;x
39068;x
90263;x
26608;x
5077;x
93582;x
17653;x
54617;x
79722;x
27896;x
18843;x
69044;x
60430;x
35571;x
63363;x
72495;x
23163;x
21672;x
19565;x
12937;x
9890;x
75335;x
81638;x
59557;x
49964;x
45675;x
14054;x
65135;x
39616;x
6671;x
511;x
34405;x
98031;x
94577;x
83631;x
78565;x
31390;x
359;x
28092;x
61304;x
660;x
32100;x
8114;x
42510;x
56369;x
91170;x
639;x
68453;x
62651;x
21701;x
95588;x
83125;x
14548;x
46110;x
20121;x
48316;x
97394;x
28986;x
26103;x
43994;x
68305;x
38398;x
19398;x
45764;x
15185;x
10936;x
1451;x
30404;x
93363;x
79215;x
96900;x
50725;x
67295;x
31675;x
80264;x
38912;x
93328;x
6547;x
85485;x
10674;x
21961;x
11837;x
13807;x
4262;x
35401;x
96956;x
64764;x
14268;x
31659;x
3492;x
36995;x
92171;x
29549;x
25611;x
83539;x
36045;x
50607;x
81421;x
42567;x
10478;x
84199;x
94012;x
90964;x
51772;x
65133;x
40485;x
18463;x
75939;x
5623;x
5991;x
70585;x
94873;x
55425;x
75957;x
15441;x
51665;x
42760;x
51372;x
49692;x
36228;x
108;x
37603;x
71884;x
25479;x
56156;x
78132;x
87372;x
48770;x
7597;x
40562;x
5832;x
61567;x
44113;x
68519;x
76586;x
54735;x
18619;x
1645;x
89901;x
8033;x
28942;x
10131;x
9495;x
85931;x
18348;x
96137;x
89578;x
36883;x
84785;x
20859;x
75858;x
3654;x
68222;x
80279;x
61380;x
94868;x
92257;x
79840;x
97805;x
14850;x
90501;x
90803;x
6802;x
41145;x
35638;x
35493;x
74186;x
44301;x
31690;x
6335;x
20120;x
8373;x
57156;x
80685;x
31292;x
56955;x
83238;x
80317;x
12007;x
14747;x
62620;x
98120;x
97848;x
42658;x
14538;x
53484;x
55765;x
87410;x
43371;x
33751;x
77512;x
67480;x
96383;x
5535;x
94226;x
78280;x
50704;x
11556;x
80449;x
33864;x
74605;x
78196;x
81137;x
84777;x
64593;x
78422;x
37139;x
50845;x
96932;x
35474;x
33228;x
25502;x
92747;x
95981;x
95144;x
32097;x
30484;x
63467;x
14561;x
44262;x
66607;x
56468;x
21283;x
88437;x
66969;x
30528;x
86434;x
75549;x
48511;x
51914;x
93239;x
9065;x
37015;x
99455;x
48644;x
93355;x
72680;x
52034;x
59665;x
24041;x
53914;x
67610;x
33820;x
10428;x
65918;x
41965;x
56365;x
38800;x
1109;x
26789;x
41506;x
26668;x
59014;x
65444;x
13968;x
79184;x
47470;x
39370;x
97638;x
62836;x
97417;x
2456;x
84396;x
22832;x
4835;x
15804;x
73410;x
64402;x
96278;x
85169;x
60289;x
40168;x
81730;x
20960;x
29484;x
87402;x
42090;x
20954;x
64913;x
74532;x
37933;x
7029;x
44269;x
15298;x
57087;x
32086;x
4054;x
57314;x
69406;x
79556;x
71881;x
38440;x
52864;x
33962;x
88923;x
79893;x
15916;x
66443;x
99653;x
84029;x
55071;x
19981;x
46024;x
82160;x
52299;x
55212;x
93268;x
528;x
98618;x
40168;x
83455;x
96788;x
23007;x
35090;x
67354;x
50036;x
35588;x
58703;x
20784;x
48640;x
31655;x
62150;x
50644;x
50473;x
7803;x
24726;x
30262;x
70717;x
60923;x
96671;x
77773;x
9304;x
59926;x
12956;x
99945;x
90974;x
69837;x
83047;x
84982;x
21990;x
72589;x
21249;x
95578;x
81870;x
69962;x
74921;x
23527;x
65521;x
41982;x
97704;x
54646;x
31932;x
34328;x
43296;x
10475;x
94295;x
66029;x
84194;x
69246;x
20184;x
77176;x
26718;x
23405;x
64838;x
36163;x
71517;x
85290;x
95454;x
51859;x
44349;x
96702;x
56127;x
24634;x
98977;x
5625;x
12923;x
38667;x
60161;x
3076;x
82319;x
17524;x
42219;x
25753;x
59063;x
7758;x
53403;x
72792;x
51548;x
47551;x
12540;x
14085;x
28184;x
11352;x
377;x
3372;x
77197;x
29566;x
19638;x
45920;x
83817;x
14800;x
23087;x
86292;x
63796;x
17119;x
56852;x
90534;x
7147;x
69863;x
2254;x
43859;x
3061;x
4984;x
63348;x
32381;x
18616;x
27980;x
91927;x
37980;x
14602;x
3600;x
60481;x
10769;x
31835;x
86348;x
61484;x
52208;x
47946;x
43119;x
56037;x
77126;x
28186;x
74864;x
25590;x
60780;x
50139;x
71030;x
62436;x
5895;x
96612;x
21294;x
81427;x
60619;x
12636;x
85579;x
58521;x
39303;x
76063;x
31852;x
26262;x
46045;x
20462;x
95217;x
77837;x
16272;x
55534;x
1908;x
42625;x
55451;x
4127;x
65346;x
57183;x
41424;x
52351;x
12839;x
26639;x
89053;x
51046;x
72466;x
40471;x
88268;x
31729;x
96597;x
50487;x
15439;x
39470;x
30100;x
41184;x
25597;x
20540;x
49161;x
98881;x
78822;x
35340;x
47816;x
75368;x
65669;x
25942;x
20630;x
63824;x
62607;x
95339;x
49026;x
79381;x
90214;x
50559;x
93858;x
56868;x
60317;x
49815;x
88675;x
96884;x
12244;x
48367;x
15151;x
43447;x
23076;x
60423;x
45040;x
10721;x
7282;x
75527;x
65717;x
71733;x
50375;x
39455;x
95414;x
40029;x
86536;x
4122;x
53924;x
33959;x
84327;x
5146;x
9487;x
54546;x
56183;x
74677;x
69003;x
50427;x
55398;x
76022;x
58883;x
34839;x
91526;x
27117;x
36574;x
66792;x
14584;x
81853;x
97695;x
95199;x
21584;x
28229;x
33149;x
87394;x
25850;x
7010;x
32563;x
92181;x
54102;x
93908;x
83285;x
50838;x
16967;x
33587;x
5032;x
12661;x
64136;x
97155;x
27641;x
21984;x
37194;x
64797;x
35601;x
97301;x
90837;x
38858;x
26962;x
25193;x
77538;x
63221;x
43004;x
86990;x
28216;x
34579;x
68697;x
46932;x
45725;x
15658;x
48751;x
90034;x
46804;x
6870;x
86918;x
77977;x
35855;x
38252;x
92807;x
78146;x
80651;x
59728;x
78328;x
51452;x
85824;x
28622;x
24531;x
81886;x
23117;x
94588;x
72673;x
31536;x
63140;x
94673;x
86075;x
4475;x
4456;x
71822;x
53329;x
43775;x
40833;x
159;x
29975;x
14889;x
35572;x
9308;x
27140;x
56982;x
18763;x
31568;x
53866;x
15542;x
65105;x
94196;x
67290;x
67980;x
38750;x
22742;x
35393;x
20936;x
97224;x
42712;x
7913;x
26840;x
2098;x
88758;x
41706;x
94327;x
27626;x
21286;x
50764;x
91512;x
47799;x
12512;x
48076;x
67819;x
89509;x
19782;x
43388;x
78638;x
84304;x
11181;x
86776;x
28291;x
51177;x
35829;x
54407;x
85654;x
46408;x
72763;x
80973;x
57617;x
51913;x
59665;x
86696;x
39036;x
65504;x
94452;x
83798;x
68543;x
90150;x
93547;x
79724;x
92841;x
24887;x
28612;x
69369;x
46974;x
69929;x
5808;x
74297;x
23232;x
59022;x
53218;x
66913;x
21430;x
42018;x
99109;x
67661;x
4140;x
93369;x
27228;x
30770;x
22058;x
55883;x
26379;x
74765;x
90246;x
37378;x
38196;x
45677;x
8126;x
38830;x
4424;x
90857;x
97554;x
315;x
71931;x
7505;x
95596;x
60892;x
67782;x
42971;x
59918;x
46820;x
19231;x
15131;x
60156;x
72985;x
26982;x
28650;x
46137;x
90613;x
61712;x
47645;x
50763;x
99990;x
80100;x
534;x
20640;x
91875;x
38528;x
57351;x
10574;x
43811;x
14562;x
21553;x
37140;x
24310;x
43973;x
68332;x
32505;x
38502;x
60827;x
4733;x
68581;x
17241;x
5047;x
61476;x
77272;x
21645;x
16784;x
8629;x
27657;x
71529;x
48776;x
59250;x
89367;x
70637;x
32941;x
63079;x
10551;x
13323;x
99588;x
27574;x
33409;x
94620;x
23028;x
48845;x
46380;x
70517;x
54597;x
20577;x
72468;x
73960;x
75505;x
80014;x
21299;x
84323;x
47457;x
36794;x
21371;x
13810;x
73001;x
28712;x
67345;x
31516;x
24688;x
86654;x
67415;x
8832;x
49096;x
54740;x
85201;x
94165;x
13842;x
80210;x
58817;x
62645;x
53339;x
96958;x
411;x
42451;x
24766;x
60301;x
50391;x
84562;x
63517;x
7124;x
13660;x
32161;x
24137;x
18962;x
95471;x
31010;x
30237;x
39591;x
58933;x
30922;x
89904;x
81939;x
41010;x
11498;x
68057;x
97850;x
85158;x
945;x
67614;x
73742;x
63214;x
43181;x
7184;x
40723;x
67573;x
55212;x
23166;x
51330;x
78900;x
40275;x
84495;x
73822;x
52670;x
24276;x
9551;x
14599;x
5198;x
85313;x
7370;x
94135;x
22889;x
98230;x
87111;x
59731;x
60313;x
50018;x
39202;x
38263;x
80049;x
60937;x
24988;x
79734;x
68677;x
3513;x
92069;x
96841;x
55893;x
57445;x
78452;x
41437;x
89389;x
69438;x
46242;x
74681;x
11298;x
94846;x
10728;x
102;x
87893;x
5774;x
61120;x
64927;x
87632;x
9920;x
50723;x
90334;x
15518;x
59122;x
70023;x
55469;x
76758;x
74814;x
68298;x
94452;x
77542;x
56334;x
11365;x
96698;x
79543;x
69547;x
82032;x
44781;x
57417;x
21279;x
91503;x
22656;x
13123;x
92640;x
4809;x
1170;x
24170;x
20182;x
53435;x
20587;x
31604;x
89320;x
75152;x
35224;x
10274;x
20784;x
8549;x
38459;x
46902;x
21610;x
47553;x
99074;x
45146;x
63629;x
47066;x
79260;x
71652;x
74773;x
27039;x
28687;x
44747;x
63935;x
36977;x
47720;x
79099;x
8951;x
51001;x
77264;x
90045;x
5658;x
4633;x
7608;x
20106;x
75802;x
54952;x
9018;x
45298;x
25822;x
93408;x
51693;x
10295;x
20294;x
47462;x
30964;x
84314;x
9012;x
30995;x
20928;x
50566;x
18011;x
71909;x
11377;x
31739;x
43839;x
9810;x
25476;x
98228;x
51963;x
9181;x
56020;x
34958;x
98281;x
95222;x
29469;x
8202;x
36895;x
74006;x
88595;x
80487;x
55825;x
4719;x
72673;x
69833;x
21298;x
55636;x
39080;x
45063;x
96439;x
77766;x
47119;x
29376;x
91783;x
9205;x
87848;x
44526;x
76298;x
12640;x
30840;x
41426;x
13666;x
70934;x
91010;x
39489;x
79400;x
58670;x
54117;x
56680;x
43172;x
12437;x
74046;x
22425;x
23078;x
54578;x
72884;x
39714;x
47917;x
27121;x
95516;x
81156;x
28583;x
80927;x
23102;x
34076;x
94554;x
14114;x
26794;x
95939;x
37991;x
89478;x
52652;x
95847;x
1144;x
89730;x
8714;x
50025;x
30706;x
99162;x
52458;x
89565;x
14574;x
46788;x
2329;x
97049;x
52482;x
5416;x
22279;x
19369;x
61182;x
11643;x
19232;x
88200;x
84563;x
66488;x
52611;x
91320;x
88369;x
45397;x
1716;x
83236;x
12294;x
18505;x
73472;x
72857;x
67904;x
60519;x
2372;x
29159;x
36843;x
82638;x
22221;x
54138;x
33298;x
57037;x
68557;x
52718;x
68933;x
6950;x
32040;x
73860;x
63418;x
9809;x
85026;x
30551;x
60180;x
38657;x
61769;x
72483;x
10896;x
54918;x
95224;x
79171;x
58724;x
49724;x
79557;x
14864;x
89354;x
61630;x
20604;x
86821;x
90550;x
27725;x
32036;x
21857;x
39066;x
86279;x
45229;x
67653;x
64139;x
94807;x
55155;x
91324;x
34205;x
22861;x
28736;x
55320;x
30187;x
20985;x
68999;x
51483;x
29205;x
39181;x
44767;x
58238;x
58181;x
75673;x
75377;x
96474;x
97976;x
28496;x
43116;x
58665;x
74529;x
64350;x
73908;x
28611;x
88305;x
81153;x
81539;x
91943;x
69267;x
15934;x
80751;x
81427;x
9435;x
87597;x
73859;x
87818;x
3909;x
84576;x
1746;x
84145;x
14085;x
4605;x
46210;x
10018;x
18321;x
2028;x
21162;x
43231;x
13754;x
80495;x
68020;x
47527;x
6830;x
75149;x
83601;x
54442;x
88200;x
39756;x
24864;x
86173;x
32668;x
55649;x
38912;x
56580;x
68192;x
34512;x
17191;x
77126;x
31177;x
55366;x
97790;x
78497;x
79892;x
73907;x
82823;x
81583;x
31432;x
45504;x
25344;x
2258;x
5235;x
23482;x
87422;x
25251;x
36248;x
32119;x
33100;x
24471;x
42971;x
41737;x
57381;x
44957;x
29157;x
97392;x
51150;x
43623;x
81327;x
47716;x
95157;x
45533;x
69082;x
38249;x
16877;x
14732;x
70245;x
12921;x
12229;x
34589;x
91704;x
64077;x
25845;x
17416;x
8535;x
2370;x
85868;x
50205;x
74030;x
55885;x
1728;x
92439;x
79975;x
89163;x
44772;x
92244;x
22139;x
90403;x
88078;x
18293;x
69648;x
18532;x
42867;x
4142;x
82000;x
83090;x
54463;x
95745;x
2414;x
46707;x
76199;x
51702;x
49767;x
53285;x
35186;x
37609;x
58189;x
98577;x
96846;x
36150;x
59826;x
4133;x
21733;x
43112;x
88212;x
91693;x
8167;x
46194;x
54498;x
39874;x
31034;x
96023;x
29919;x
61744;x
45854;x
33536;x
72925;x
44619;x
29701;x
89257;x
62691;x
81349;x
5885;x
17215;x
39832;x
86655;x
18804;x
40742;x
37635;x
53883;x
60212;x
51277;x
72428;x
98330;x
66482;x
2117;x
68198;x
69119;x
51390;x
81502;x
23822;x
91461;x
74981;x
49290;x
14492;x
18991;x
71939;x
4789;x
31181;x
84399;x
78681;x
41123;x
40247;x
37534;x
65593;x
1181;x
33982;x
71027;x
49007;x
4042;x
48187;x
70157;x
21352;x
87671;x
85026;x
57693;x
41552;x
29072;x
39636;x
73274;x
88554;x
58006;x
53187;x
758;x
97221;x
44335;x
7483;x
44708;x
22531;x
31862;x
19049;x
84578;x
76235;x
80321;x
91441;x
93333;x
97260;x
47051;x
7623;x
8106;x
27282;x
65015;x
89458;x
16923;x
14353;x
25140;x
98257;x
48445;x
45869;x
7733;x
65817;x
8978;x
59768;x
1530;x
89058;x
16611;x
84343;x
97414;x
63127;x
96584;x
81073;x
37810;x
17478;x
90755;x
15545;x
60200;x
4906;x
29835;x
9852;x
83068;x
26551;x
43040;x
66854;x
95065;x
72031;x
51960;x
10855;x
18414;x
62092;x
13750;x
48983;x
96360;x
71465;x
82824;x
34470;x
48996;x
35889;x
10025;x
64854;x
4907;x
99569;x
88256;x
58118;x
11834;x
47347;x
1250;x
52119;x
57197;x
33702;x
97002;x
13742;x
80653;x
84497;x
90888;x
29269;x
11711;x
94880;x
48785;x
27279;x
47627;x
42710;x
81263;x
16531;x
68686;x
95521;x
6830;x
28523;x
30019;x
71801;x
40646;x
63496;x
78257;x
16898;x
6091;x
8344;x
70310;x
18009;x
40097;x
56365;x
70854;x
31334;x
76654;x
95280;x
64183;x
29162;x
6010;x
86256;x
26182;x
10597;x
82332;x
35242;x
53786;x
58520;x
54964;x
15572;x
49351;x
78003;x
85380;x
70301;x
51135;x
56894;x
84432;x
89268;x
92304;x
34804;x
81295;x
30928;x
45631;x
56331;x
45194;x
81581;x
69372;x
93176;x
66707;x
54046;x
46324;x
47793;x
87204;x
27917;x
88024;x
30873;x
20122;x
84456;x
27946;x
93784;x
25990;x
20731;x
87311;x
98717;x
38078;x
30699;x
4408;x
99026;x
30919;x
18415;x
50716;x
29352;x
67687;x
8622;x
50546;x
60596;x
68758;x
47642;x
27394;x
18790;x
97291;x
26486;x
32844;x
51069;x
67897;x
94914;x
72216;x
64758;x
63865;x
10051;x
15505;x
92214;x
16168;x
27205;x
1333;x
87075;x
34379;x
61109;x
75678;x
37205;x
98556;x
93892;x
9888;x
11250;x
16934;x
87676;x
17648;x
73160;x
51754;x
28118;x
48826;x
95556;x
130;x
31143;x
60345;x
5818;x
31491;x
89199;x
21966;x
45430;x
70603;x
43939;x
93350;x
2883;x
82632;x
76182;x
38146;x
81518;x
14535;x
441;x
5203;x
93887;x
93528;x
11004;x
26276;x
86504;x
52173;x
61572;x
5257;x
49939;x
15836;x
52878;x
76770;x
82140;x
63589;x
21635;x
85288;x
63433;x
7233;x
65580;x
89690;x
18305;x
59612;x
23999;x
7508;x
90734;x
27808;x
65314;x
35536;x
82029;x
72016;x
73937;x
20923;x
31252;x
49591;x
24010;x
47638;x
88062;x
295;x
74957;x
73498;x
9387;x
36660;x
76988;x
96243;x
82669;x
86103;x
25552;x
7623;x
53845;x
37557;x
40575;x
63310;x
2029;x
2506;x
28958;x
53833;x
63850;x
4620;x
21856;x
94353;x
19968;x
59790;x
5810;x
93031;x
53724;x
54746;x
76073;x
90150;x
8330;x
54720;x
61220;x
60359;x
32942;x
52567;x
74114;x
97832;x
29359;x
58829;x
4556;x
38460;x
54169;x
60009;x
52890;x
14158;x
97183;x
46243;x
77008;x
883;x
72025;x
95827;x
34659;x
13067;x
72792;x
66478;x
48134;x
14981;x
7099;x
88385;x
96257;x
77737;x
80923;x
66135;x
75928;x
7111;x
51893;x
99996;x
2857;x
97833;x
82188;x
48354;x
72560;x
77642;x
61391;x
79198;x
54028;x
65458;x
82225;x
36454;x
56144;x
21617;x
65776;x
73725;x
93910;x
52615;x
27401;x
2748;x
30443;x
12119;x
13095;x
69492;x
4500;x
6006;x
4988;x
44324;x
79337;x
2250;x
61126;x
57662;x
51907;x
82849;x
46832;x
5290;x
8476;x
63451;x
67935;x
64006;x
76185;x
40882;x
30652;x
8627;x
67388;x
79636;x
31008;x
39069;x
19144;x
97131;x
84339;x
49281;x
19983;x
32866;x
7362;x
61607;x
20456;x
57829;x
6765;x
28338;x
22133;x
94210;x
34429;x
99697;x
84136;x
76147;x
1334;x
82429;x
8111;x
66517;x
65164;x
58154;x
31816;x
73026;x
20899;x
27216;x
17241;x
91361;x
66694;x
79979;x
59368;x
76509;x
61447;x
4439;x
98558;x
29342;x
23843;x
41742;x
41243;x
86161;x
62946;x
64918;x
3797;x
16550;x
44451;x
56046;x
49225;x
14557;x
97115;x
8952;x
17098;x
48827;x
25629;x
96609;x
90501;x
44892;x
5656;x
21344;x
80072;x
61665;x
69490;x
98350;x
75216;x
59508;x
45207;x
80563;x
66928;x
45787;x
63070;x
264;x
55774;x
61252;x
36011;x
66688;x
73552;x
71785;x
47258;x
48362;x
53874;x
38324;x
71017;x
95447;x
7221;x
24719;x
85947;x
86382;x
63694;x
56582;x
65880;x
67162;x
28462;x
39857;x
6175;x
77877;x
84211;x
77068;x
78504;x
53369;x
59321;x
47123;x
28359;x
94333;x
77275;x
21726;x
33319;x
39944;x
22628;x
46836;x
99534;x
98671;x
46931;x
77066;x
3336;x
70197;x
93580;x
2716;x
84113;x
21909;x
39393;x
93388;x
28697;x
93143;x
68492;x
15255;x
93453;x
3633;x
64255;x
37801;x
69118;x
34252;x
9837;x
13989;x
43824;x
65919;x
72069;x
67939;x
42033;x
27141;x
95546;x
28263;x
64065;x
33683;x
30904;x
82778;x
82118;x
42188;x
97385;x
97644;x
49464;x
41827;x
53469;x
50589;x
69137;x
69127;x
12318;x
49343;x
38694;x
55238;x
80662;x
69290;x
11291;x
90694;x
57827;x
99027;x
15731;x
25780;x
63852;x
28597;x
14644;x
52937;x
21404;x
24453;x
33071;x
79916;x
69754;x
8945;x
1135;x
82788;x
80154;x
37314;x
17537;x
80721;x
83245;x
2835;x
51828;x
50581;x
31197;x
18889;x
27783;x
58674;x
45159;x
63810;x
38653;x
91911;x
8010;x
93044;x
80428;x
71391;x
62549;x
2752;x
2217;x
46466;x
15709;x
99674;x
86358;x
11051;x
63588;x
93308;x
90719;x
97929;x
62118;x
94715;x
90430;x
85169;x
21622;x
21477;x
5330;x
80568;x
39363;x
81609;x
67317;x
70957;x
74383;x
58045;x
70118;x
16808;x
56006;x
49321;x
2141;x
66803;x
89195;x
13071;x
33422;x
11773;x
96948;x
41075;x
12213;x
77066;x
45974;x
53487;x
7813;x
8061;x
7802;x
16640;x
55028;x
96459;x
86983;x
15213;x
66798;x
64569;x
21562;x
68965;x
26202;x
9300;x
62481;x
48085;x
68091;x
29654;x
93827;x
83979;x
92115;x
76591;x
89963;x
7464;x
97658;x
51264;x
34069;x
95160;x
85827;x
20312;x
22595;x
38804;x
78076;x
68207;x
63748;x
79989;x
64952;x
41167;x
29841;x
96778;x
84041;x
88785;x
18567;x
84167;x
16086;x
96287;x
75789;x
98926;x
29649;x
35349;x
97959;x
17336;x
32401;x
35308;x
19455;x
41650;x
62317;x
55883;x
57717;x
64313;x
42466;x
22712;x
31814;x
85231;x
90061;x
72903;x
68014;x
34079;x
82124;x
6256;x
98873;x
68758;x
4123;x
70476;x
22368;x
28993;x
33803;x
7904;x
2091;x
35827;x
66137;x
26670;x
40056;x
75006;x
19647;x
87497;x
32829;x
65318;x
57774;x
31209;x
77746;x
54542;x
45532;x
66918;x
14374;x
13938;x
23125;x
38819;x
87792;x
89855;x
15594;x
82501;x
34616;x
24485;x
96291;x
49337;x
52525;x
93046;x
90233;x
29327;x
69771;x
7401;x
93746;x
17792;x
32873;x
58279;x
40462;x
44280;x
78971;x
79372;x
92044;x
89044;x
28555;x
87299;x
85618;x
43184;x
21519;x
45524;x
75101;x
68740;x
24789;x
23949;x
64152;x
19275;x
15673;x
96993;x
42632;x
97347;x
48258;x
88395;x
95281;x
46716;x
1491;x
25777;x
91355;x
68099;x
89854;x
46710;x
93526;x
53566;x
46940;x
38890;x
42466;x
75159;x
91829;x
23037;x
682;x
27231;x
14074;x
27245;x
23374;x
44265;x
26866;x
24762;x
72715;x
37947;x
37745;x
46055;x
73187;x
44677;x
82146;x
55961;x
48007;x
91649;x
97889;x
84519;x
83496;x
12210;x
39941;x
65375;x
66804;x
71216;x
23158;x
93528;x
3853;x
81162;x
41103;x
73570;x
67840;x
82967;x
12354;x
54721;x
66588;x
22543;x
99663;x
61116;x
58300;x
21714;x
51274;x
26665;x
12772;x
68537;x
64562;x
41534;x
58315;x
27922;x
59591;x
5535;x
33028;x
24514;x
25858;x
15403;x
18436;x
88911;x
80634;x
77477;x
91538;x
20463;x
99194;x
50895;x
89859;x
67775;x
82116;x
26816;x
24109;x
37692;x
63387;x
59183;x
48291;x
26261;x
56230;x
60421;x
10004;x
26967;x
5683;x
62589;x
30519;x
58274;x
35476;x
62179;x
82121;x
7634;x
66103;x
99703;x
26085;x
18059;x
8340;x
37071;x
88122;x
70984;x
91291;x
30578;x
35510;x
93535;x
56958;x
56703;x
59545;x
5000;x
86849;x
19167;x
29480;x
30908;x
31564;x
81438;x
78485;x
2477;x
52057;x
70662;x
42491;x
30365;x
27865;x
50569;x
16435;x
91540;x
34663;x
70654;x
70230;x
15051;x
69336;x
74497;x
58290;x
98314;x
50040;x
78887;x
56196;x
14795;x
21737;x
18736;x
10999;x
48456;x
47942;x
96168;x
53992;x
94630;x
12252;x
50292;x
15640;x
60186;x
62712;x
95503;x
92340;x
23681;x
9102;x
36407;x
10319;x
86663;x
21207;x
88183;x
18996;x
3152;x
97787;x
90670;x
95736;x
22200;x
95981;x
1001;x
87685;x
93220;x
12100;x
55511;x
54602;x
25010;x
51949;x
99048;x
80960;x
56274;x
24587;x
93005;x
15941;x
60867;x
69076;x
78334;x
58841;x
21886;x
86160;x
90283;x
75516;x
50212;x
60711;x
6087;x
9650;x
1448;x
80893;x
97965;x
48403;x
16974;x
96515;x
56431;x
14583;x
61502;x
73187;x
75421;x
83233;x
91591;x
29744;x
40044;x
72336;x
56260;x
54901;x
14877;x
66367;x
89348;x
54457;x
4382;x
6642;x
84634;x
74263;x
94557;x
41258;x
64061;x
33837;x
17044;x
6175;x
47483;x
89176;x
20643;x
59723;x
4212;x
16074;x
82409;x
75957;x
99638;x
98095;x
79911;x
577;x
93710;x
8804;x
54699;x
99800;x
97266;x
91379;x
30817;x
20832;x
65503;x
43705;x
71531;x
37646;x
19630;x
78631;x
19114;x
52325;x
13117;x
28939;x
57761;x
20770;x
43636;x
27808;x
25510;x
29583;x
94496;x
20618;x
75254;x
42079;x
67170;x
45485;x
20283;x
13890;x
99307;x
36264;x
59254;x
53119;x
70512;x
31733;x
67010;x
62604;x
87949;x
81818;x
98909;x
92579;x
63444;x
10551;x
37708;x
53563;x
44738;x
59314;x
74000;x
20991;x
84763;x
31988;x
62360;x
87760;x
84366;x
77694;x
25843;x
1675;x
63991;x
42372;x
15854;x
35697;x
20707;x
26156;x
26449;x
13254;x
50989;x
55673;x
30774;x
30286;x
11348;x
53801;x
16721;x
46657;x
54474;x
64951;x
12955;x
51573;x
99051;x
54096;x
62214;x
94456;x
13668;x
29916;x
72373;x
76085;x
3702;x
94112;x
8976;x
74162;x
73490;x
75659;x
46046;x
38910;x
29274;x
45244;x
56331;x
20618;x
13346;x
72089;x
26889;x
99830;x
49278;x
74760;x
27890;x
95928;x
77994;x
75647;x
58752;x
34530;x
95274;x
88999;x
93813;x
21318;x
16174;x
68491;x
25557;x
50690;x
24911;x
86169;x
84580;x
14079;x
36029;x
71166;x
13674;x
77036;x
43192;x
88842;x
93650;x
20268;x
82030;x
83836;x
72929;x
13793;x
47232;x
31679;x
76758;x
21886;x
96875;x
24234;x
85410;x
91451;x
37026;x
83991;x
9710;x
77689;x
8867;x
13720;x
14029;x
92667;x
52571;x
82646;x
71107;x
59943;x
29296;x
90178;x
51963;x
81590;x
67276;x
33580;x
8840;x
3425;x
88526;x
85128;x
47819;x
52333;x
41703;x
20703;x
19345;x
57460;x
46851;x
99318;x
12866;x
11060;x
25571;x
74715;x
89821;x
78679;x
97305;x
64691;x
48854;x
55968;x
44772;x
74974;x
48741;x
27822;x
92160;x
73971;x
75745;x
21194;x
46527;x
88610;x
66704;x
12712;x
99664;x
82458;x
13405;x
34396;x
22550;x
8226;x
81070;x
83041;x
39177;x
11158;x
30224;x
21496;x
48031;x
57672;x
98347;x
60370;x
65975;x
47404;x
59892;x
94111;x
49921;x
84839;x
18665;x
64446;x
37575;x
97138;x
18663;x
87871;x
32515;x
51580;x
62208;x
7674;x
62960;x
55011;x
23554;x
22367;x
24614;x
88462;x
69089;x
62905;x
98561;x
19005;x
93405;x
30718;x
27828;x
33291;x
93275;x
9470;x
78096;x
42733;x
53704;x
82031;x
88673;x
79128;x
36658;x
80802;x
49419;x
8736;x
70964;x
1738;x
55321;x
17412;x
43233;x
7611;x
55731;x
79726;x
67279;x
2900;x
21919;x
66618;x
92186;x
27390;x
49043;x
5750;x
73004;x
94464;x
26002;x
63797;x
7778;x
92483;x
66137;x
98075;x
86886;x
22881;x
46123;x
57698;x
94297;x
77532;x
59975;x
88649;x
54594;x
41286;x
36641;x
34169;x
59578;x
70063;x
24794;x
9816;x
29770;x
19262;x
43218;x
41332;x
45023;x
46228;x
97344;x
38816;x
97233;x
39920;x
77628;x
24745;x
55075;x
46661;x
40997;x
46904;x
52598;x
33644;x
30850;x
6747;x
77185;x
11732;x
83653;x
5350;x
93868;x
15592;x
54756;x
20633;x
29826;x
92759;x
45039;x
62495;x
59884;x
59595;x
77538;x
49091;x
37992;x
71676;x
64535;x
67803;x
77902;x
13603;x
12076;x
23593;x
33620;x
74023;x
43643;x
41126;x
69181;x
53112;x
5053;x
40402;x
26819;x
28042;x
29819;x
96409;x
19753;x
86387;x
82174;x
56439;x
64485;x
41443;x
3275;x
28847;x
28949;x
73735;x
93461;x
38729;x
75458;x
62661;x
12198;x
56245;x
44883;x
71181;x
74525;x
45339;x
24328;x
68807;x
61413;x
4782;x
96694;x
22493;x
85080;x
29990;x
54046;x
88617;x
13322;x
15487;x
21985;x
82780;x
88148;x
72639;x
72272;x
52619;x
24008;x
69847;x
13175;x
40603;x
88234;x
47713;x
69532;x
35778;x
72573;x
2197;x
55744;x
26489;x
1968;x
60806;x
81551;x
91545;x
53383;x
47216;x
63754;x
22462;x
31117;x
70905;x
85020;x
2641;x
92286;x
72332;x
19490;x
92049;x
38735;x
48927;x
83679;x
10446;x
26322;x
38376;x
63498;x
57781;x
71897;x
62084;x
384;x
16358;x
65842;x
16403;x
42532;x
7587;x
83122;x
7932;x
62272;x
98857;x
52590;x
48800;x
24472;x
61387;x
55337;x
21044;x
41610;x
73558;x
85329;x
74505;x
20433;x
53894;x
93072;x
58780;x
71614;x
94352;x
20007;x
8598;x
7881;x
97404;x
2537;x
98000;x
30413;x
50539;x
55484;x
59052;x
46193;x
84795;x
37146;x
7000;x
22817;x
15743;x
64743;x
49916;x
17142;x
35669;x
31818;x
30232;x
11931;x
72234;x
28557;x
39712;x
52155;x
80334;x
32539;x
24765;x
67448;x
31221;x
4158;x
24669;x
60611;x
61978;x
90685;x
19380;x
3547;x
74334;x
33439;x
73457;x
42675;x
52591;x
66263;x
61567;x
54498;x
62803;x
13114;x
39111;x
57931;x
31832;x
4466;x
89197;x
33818;x
68971;x
91938;x
27575;x
59824;x
11164;x
88479;x
56064;x
45129;x
8213;x
34383;x
26008;x
49267;x
9461;x
16253;x
42418;x
82316;x
89742;x
16648;x
8455;x
82057;x
74561;x
87095;x
33930;x
80490;x
74909;x
42686;x
3014;x
31935;x
76988;x
48346;x
67759;x
66404;x
74579;x
68583;x
52504;x
46176;x
29225;x
13794;x
63561;x
15639;x
43465;x
32703;x
73131;x
43031;x
30147;x
71715;x
48260;x
98424;x
45137;x
26538;x
65269;x
97046;x
80357;x
99085;x
69544;x
76076;x
70492;x
37419;x
65443;x
5451;x
45159;x
42518;x
49284;x
33806;x
18810;x
42052;x
97470;x
13147;x
81122;x
96497;x
88470;x
55413;x
40675;x
92474;x
78382;x
38335;x
91171;x
92123;x
87678;x
93896;x
98657;x
87989;x
68678;x
82915;x
11156;x
11657;x
62100;x
18774;x
84117;x
380;x
26775;x
85735;x
27191;x
35932;x
81427;x
84940;x
37121;x
39111;x
7965;x
14171;x
64107;x
6001;x
82124;x
49615;x
51409;x
39645;x
43544;x
66423;x
4333;x
50494;x
6670;x
35297;x
40393;x
53746;x
57899;x
13138;x
1775;x
72284;x
19750;x
75871;x
85152;x
38182;x
85050;x
37618;x
77604;x
36125;x
95807;x
39465;x
93845;x
29393;x
14746;x
52310;x
99675;x
32831;x
22656;x
55055;x
36218;x
43267;x
9679;x
28634;x
57432;x
48070;x
75466;x
5089;x
58049;x
77741;x
44001;x
41005;x
7914;x
95444;x
88924;x
55327;x
49942;x
76112;x
57750;x
46909;x
12640;x
54607;x
32058;x
30557;x
84297;x
41564;x
64099;x
75348;x
36693;x
44723;x
9726;x
5889;x
20234;x
28469;x
42788;x
7020;x
66724;x
1030;x
96319;x
1548;x
33657;x
57487;x
30668;x
67484;x
2811;x
77634;x
40743;x
73943;x
67940;x
9512;x
81200;x
96201;x
3698;x
35694;x
38265;x
68929;x
45413;x
51007;x
37748;x
76698;x
188;x
46956;x
45956;x
83067;x
45249;x
11105;x
72201;x
50998;x
2522;x
41734;x
75295;x
76054;x
10269;x
82167;x
76041;x
99292;x
92004;x
58163;x
45179;x
46303;x
56424;x
97056;x
65256;x
21700;x
13671;x
85725;x
41111;x
45221;x
85977;x
72145;x
81443;x
8510;x
19085;x
61322;x
58024;x
35631;x
85176;x
85219;x
22171;x
79112;x
68909;x
86941;x
70127;x
13899;x
66545;x
97053;x
33054;x
3349;x
91168;x
43629;x
55145;x
16692;x
89171;x
19496;x
32816;x
29537;x
19707;x
33609;x
44428;x
81130;x
68015;x
1424;x
12766;x
79007;x
99465;x
48376;x
96018;x
94335;x
58304;x
74248;x
23277;x
84211;x
59057;x
55505;x
42974;x
19235;x
28095;x
57031;x
81081;x
65794;x
46370;x
60928;x
30581;x
26305;x
35097;x
59336;x
76635;x
7015;x
26025;x
10945;x
93911;x
67488;x
20719;x
46734;x
88378;x
7763;x
9555;x
13527;x
95764;x
91021;x
92973;x
28354;x
68277;x
53493;x
67435;x
19967;x
54544;x
13718;x
42329;x
95546;x
23287;x
92157;x
44632;x
88594;x
32237;x
54792;x
73890;x
20520;x
82293;x
61329;x
24840;x
21214;x
6168;x
5365;x
38714;x
8379;x
57921;x
42690;x
7993;x
91338;x
35560;x
65034;x
46642;x
86300;x
31364;x
3486;x
5570;x
58990;x
77222;x
49014;x
34731;x
77195;x
8270;x
6717;x
39636;x
596;x
49595;x
67403;x
32208;x
69278;x
28768;x
94103;x
37601;x
68633;x
31010;x
75095;x
73729;x
90190;x
28340;x
96724;x
28714;x
32860;x
3116;x
51908;x
65484;x
6858;x
69272;x
37595;x
21585;x
37062;x
99302;x
21333;x
29270;x
88168;x
21065;x
1041;x
26013;x
20667;x
93994;x
30664;x
43565;x
58784;x
66263;x
64468;x
96860;x
17813;x
12304;x
53557;x
59318;x
61602;x
44154;x
88933;x
86742;x
92300;x
88119;x
3619;x
79143;x
79171;x
23950;x
18706;x
95728;x
55349;x
80141;x
74025;x
14334;x
90629;x
71940;x
98388;x
94734;x
96162;x
70685;x
91742;x
34833;x
2752;x
15259;x
12133;x
99362;x
46138;x
26753;x
82275;x
69695;x
37058;x
85750;x
56002;x
36036;x
80297;x
51559;x
77687;x
67929;x
86262;x
25172;x
95152;x
52475;x
94290;x
84757;x
2489;x
65889;x
95301;x
63402;x
19822;x
86868;x
14709;x
34494;x
2494;x
36023;x
52923;x
39019;x
17310;x
58619;x
46644;x
55399;x
44101;x
69749;x
7931;x
50839;x
1755;x
88752;x
44445;x
36588;x
34953;x
37673;x
4158;x
59689;x
32533;x
54706;x
3325;x
38936;x
7395;x
84704;x
1199;x
96621;x
34108;x
44831;x
65230;x
76632;x
70130;x
20112;x
69092;x
29379;x
61098;x
91571;x
47222;x
3886;x
60942;x
812;x
58949;x
92712;x
6119;x
35658;x
18506;x
67477;x
10591;x
30695;x
35064;x
79983;x
72782;x
36976;x
27395;x
38173;x
62720;x
10803;x
48098;x
18193;x
1335;x
20632;x
31341;x
72084;x
84748;x
60608;x
845;x
39393;x
92547;x
34219;x
60457;x
79436;x
62359;x
37656;x
50028;x
38336;x
73473;x
2353;x
2003;x
69506;x
22359;x
52738;x
69990;x
74869;x
61819;x
69100;x
24440;x
17021;x
98893;x
10904;x
50356;x
86314;x
66986;x
91932;x
5556;x
62667;x
98726;x
72489;x
93435;x
73099;x
79442;x
84459;x
95045;x
22443;x
66622;x
32953;x
60242;x
67831;x
93701;x
81268;x
83209;x
61026;x
97139;x
93178;x
66931;x
72700;x
23256;x
47704;x
60850;x
70545;x
20608;x
78876;x
62744;x
20227;x
7603;x
25896;x
7587;x
93393;x
86656;x
20862;x
96599;x
69389;x
99002;x
905;x
81362;x
11471;x
5662;x
31705;x
59746;x
85599;x
40191;x
76306;x
40408;x
80289;x
93207;x
6551;x
76581;x
45283;x
38422;x
79164;x
71269;x
56585;x
90132;x
43488;x
86821;x
98882;x
38203;x
97624;x
41775;x
13641;x
440;x
89635;x
2905;x
45425;x
28800;x
96602;x
3444;x
91682;x
10221;x
27816;x
36400;x
49215;x
6589;x
56992;x
10440;x
94218;x
5048;x
5012;x
11925;x
91631;x
5992;x
60161;x
47161;x
69732;x
88672;x
17562;x
72368;x
59153;x
88921;x
40785;x
20842;x
64050;x
42791;x
15884;x
85513;x
15052;x
46333;x
33796;x
58057;x
94435;x
33289;x
70330;x
52610;x
48538;x
64505;x
84827;x
21071;x
34118;x
59426;x
63908;x
75512;x
52585;x
38080;x
65599;x
38554;x
35659;x
27902;x
44345;x
89655;x
23311;x
97436;x
40325;x
78923;x
54493;x
43556;x
92353;x
19924;x
34198;x
32542;x
87292;x
67774;x
76301;x
64086;x
89098;x
86285;x
79124;x
71144;x
88601;x
98601;x
95285;x
42800;x
30474;x
18234;x
32991;x
53862;x
53779;x
20945;x
71398;x
70517;x
45021;x
83784;x
59953;x
96926;x
49169;x
92544;x
90262;x
58496;x
88580;x
34822;x
6603;x
55234;x
64921;x
27068;x
74763;x
53706;x
1240;x
80642;x
44052;x
66070;x
6301;x
2014;x
31172;x
62308;x
76296;x
1948;x
49261;x
89739;x
55072;x
64335;x
7675;x
87519;x
87183;x
33947;x
49102;x
96420;x
2678;x
38182;x
65267;x
61551;x
71821;x
11824;x
37270;x
99264;x
55331;x
21114;x
59030;x
20888;x
25655;x
16736;x
69834;x
12091;x
24657;x
44429;x
75959;x
37009;x
4862;x
85997;x
73664;x
71114;x
79895;x
39927;x
58137;x
74537;x
81442;x
38494;x
98694;x
7896;x
97368;x
64997;x
19667;x
41661;x
58665;x
24138;x
65670;x
52407;x
48454;x
29999;x
78050;x
75527;x
65947;x
51138;x
55490;x
74936;x
18585;x
11781;x
7927;x
60173;x
35036;x
61541;x
57489;x
1441;x
79106;x
37177;x
7650;x
63455;x
8949;x
62571;x
67364;x
85470;x
29113;x
32491;x
73645;x
72816;x
68314;x
29302;x
36714;x
68966;x
13762;x
52298;x
17924;x
78723;x
7181;x
23426;x
41222;x
15577;x
89104;x
24443;x
26386;x
71151;x
15349;x
68165;x
33524;x
60408;x
64134;x
31103;x
60843;x
80137;x
98659;x
11566;x
26985;x
7498;x
50915;x
5511;x
26324;x
46637;x
4327;x
65987;x
90727;x
66874;x
13801;x
64446;x
93694;x
79684;x
31543;x
31613;x
6009;x
56147;x
68095;x
56264;x
22682;x
56986;x
6411;x
51132;x
87370;x
31668;x
83596;x
73065;x
54784;x
89688;x
44170;x
84459;x
22264;x
39972;x
18421;x
68405;x
60998;x
54786;x
81380;x
54712;x
5853;x
26067;x
31308;x
58660;x
50598;x
85132;x
1221;x
94228;x
79788;x
75185;x
46737;x
24220;x
59593;x
90832;x
42381;x
74957;x
93841;x
8088;x
55456;x
24986;x
2873;x
92950;x
12257;x
48143;x
68758;x
42221;x
88380;x
83740;x
77297;x
35861;x
7732;x
32368;x
98920;x
46766;x
28575;x
38629;x
36461;x
99829;x
44317;x
51732;x
11578;x
82670;x
89570;x
86525;x
75356;x
35200;x
72963;x
23206;x
23720;x
53680;x
57651;x
61024;x
11581;x
97687;x
51861;x
26260;x
3814;x
81204;x
66648;x
9164;x
2707;x
84791;x
41270;x
8462;x
18569;x
47845;x
93748;x
6572;x
34788;x
13967;x
85372;x
2106;x
37680;x
93611;x
59534;x
22608;x
43654;x
24780;x
17572;x
57348;x
84872;x
42436;x
48513;x
52477;x
84745;x
50926;x
64652;x
6079;x
35083;x
54124;x
63517;x
59043;x
6861;x
93945;x
40558;x
34869;x
66296;x
40971;x
53701;x
72064;x
81755;x
73232;x
21999;x
13344;x
40655;x
91683;x
21286;x
58999;x
40739;x
39789;x
71474;x
73063;x
53062;x
47489;x
2155;x
18189;x
70048;x
92484;x
24366;x
46273;x
53263;x
31797;x
46690;x
13087;x
75421;x
79536;x
61004;x
24383;x
46052;x
96117;x
97399;x
38825;x
90745;x
86635;x
87496;x
27506;x
39080;x
50261;x
56581;x
23312;x
35660;x
90469;x
1510;x
51902;x
28043;x
57930;x
31131;x
82229;x
59560;x
96225;x
83614;x
96653;x
50826;x
7046;x
85803;x
78536;x
43401;x
27450;x
71210;x
89046;x
44459;x
64488;x
37976;x
96884;x
62055;x
91270;x
40380;x
47243;x
85535;x
33021;x
52358;x
32779;x
48890;x
802;x
22223;x
55465;x
44661;x
26596;x
58273;x
42582;x
41035;x
80434;x
30682;x
82796;x
96457;x
18705;x
33577;x
76590;x
20291;x
95061;x
10076;x
44933;x
5879;x
46266;x
82262;x
49031;x
56374;x
22790;x
98165;x
92298;x
36097;x
88932;x
74824;x
32199;x
63474;x
70663;x
8627;x
88079;x
87165;x
76956;x
27272;x
82793;x
1716;x
23876;x
22357;x
35633;x
24954;x
98583;x
93170;x
12745;x
82831;x
7014;x
95007;x
62523;x
3729;x
16091;x
68156;x
69579;x
43215;x
76771;x
23103;x
39064;x
20779;x
35501;x
30781;x
10861;x
44935;x
95551;x
54854;x
50302;x
4501;x
23026;x
2583;x
27111;x
79998;x
57462;x
31713;x
30241;x
88500;x
29986;x
29788;x
67990;x
5043;x
75343;x
81887;x
2424;x
1996;x
19538;x
41842;x
35684;x
56818;x
666;x
63774;x
22709;x
61909;x
64099;x
77279;x
2685;x
61236;x
50106;x
94343;x
24738;x
55479;x
41979;x
58383;x
60347;x
93333;x
41562;x
54747;x
40944;x
89286;x
52071;x
27708;x
51961;x
79343;x
52558;x
84935;x
74791;x
49093;x
26704;x
55204;x
27811;x
93091;x
60173;x
89796;x
27048;x
16551;x
15646;x
3121;x
78110;x
68866;x
42864;x
93359;x
12809;x
69495;x
41136;x
91974;x
57336;x
79489;x
74880;x
16133;x
87146;x
58966;x
44334;x
35284;x
2838;x
64333;x
86011;x
36266;x
91043;x
14900;x
32082;x
51763;x
42302;x
41683;x
5452;x
23936;x
46320;x
33452;x
45850;x
22036;x
40868;x
57090;x
52037;x
57116;x
42960;x
11796;x
97825;x
6009;x
96832;x
58756;x
66866;x
84093;x
67591;x
3660;x
31218;x
64203;x
21194;x
25198;x
89954;x
81405;x
81602;x
99642;x
89572;x
5920;x
38303;x
7074;x
39595;x
90651;x
49580;x
19058;x
41485;x
95099;x
48432;x
32007;x
55155;x
55401;x
37101;x
25245;x
84359;x
76802;x
84953;x
90422;x
96763;x
31371;x
81035;x
98420;x
69584;x
13638;x
4090;x
81851;x
67799;x
70885;x
87552;x
25576;x
64128;x
53507;x
84957;x
3929;x
77497;x
26620;x
80886;x
71549;x
25465;x
31390;x
20171;x
68166;x
73019;x
61546;x
71674;x
62235;x
1777;x
70339;x
54925;x
3693;x
45210;x
46602;x
91587;x
16816;x
39986;x
35897;x
6853;x
42890;x
8303;x
6665;x
87838;x
18526;x
42405;x
91271;x
85146;x
30154;x
73100;x
94138;x
4301;x
55032;x
29658;x
73454;x
87100;x
77115;x
18652;x
92742;x
65766;x
89486;x
66778;x
92826;x
98977;x
1569;x
50481;x
29078;x
84720;x
52737;x
2138;x
43361;x
44223;x
97350;x
86497;x
15279;x
19262;x
71324;x
14568;x
71718;x
72857;x
36663;x
77062;x
68927;x
92834;x
55787;x
30763;x
83663;x
98935;x
88901;x
11084;x
38272;x
79330;x
88621;x
58709;x
5439;x
33327;x
82965;x
52631;x
15060;x
83475;x
46327;x
79833;x
4995;x
82291;x
88261;x
99584;x
81768;x
49717;x
16001;x
7633;x
32833;x
59735;x
71207;x
14652;x
49494;x
79040;x
7105;x
78166;x
30488;x
29604;x
18993;x
74882;x
96534;x
38706;x
93097;x
97850;x
91664;x
23840;x
30311;x
26814;x
31712;x
35135;x
56332;x
33192;x
61336;x
77358;x
44019;x
34158;x
71724;x
69524;x
61618;x
83927;x
48951;x
23886;x
34704;x
25614;x
93913;x
1452;x
64245;x
88662;x
96210;x
96686;x
22955;x
73746;x
816;x
86969;x
5723;x
27999;x
43224;x
90028;x
53113;x
68580;x
31796;x
28979;x
8585;x
65277;x
46445;x
43903;x
80464;x
69967;x
45379;x
20702;x
41896;x
39882;x
70275;x
59962;x
59503;x
75430;x
4010;x
62382;x
34486;x
27317;x
40256;x
62456;x
85186;x
40025;x
3590;x
97739;x
20775;x
819;x
7596;x
4070;x
88453;x
20910;x
79996;x
23097;x
91058;x
57592;x
94767;x
7176;x
1550;x
81312;x
2522;x
35126;x
84096;x
66306;x
40228;x
85605;x
34024;x
70560;x
98455;x
91645;x
29738;x
83195;x
66634;x
80402;x
46232;x
77451;x
95890;x
46642;x
20005;x
45965;x
70151;x
27985;x
23268;x
25473;x
17751;x
27017;x
83285;x
74647;x
89731;x
27675;x
89426;x
84735;x
81518;x
20498;x
52342;x
86730;x
23228;x
8475;x
78153;x
38086;x
94967;x
36901;x
17452;x
57326;x
24083;x
23123;x
4600;x
46437;x
87995;x
64143;x
56506;x
98071;x
78782;x
92037;x
90078;x
75630;x
10348;x
91701;x
96342;x
52331;x
28205;x
3888;x
70608;x
49732;x
42695;x
28342;x
61166;x
22017;x
29071;x
66621;x
68479;x
95628;x
19298;x
98032;x
86003;x
39853;x
92893;x
15614;x
87404;x
97089;x
21881;x
97289;x
41769;x
65898;x
55429;x
37359;x
4999;x
29133;x
43662;x
81913;x
71333;x
40398;x
90295;x
33094;x
68753;x
93030;x
6627;x
37237;x
95212;x
27296;x
53473;x
4727;x
84464;x
25679;x
82196;x
38413;x
28439;x
48257;x
13690;x
72360;x
71445;x
18726;x
38436;x
91218;x
99153;x
99533;x
23774;x
90850;x
62386;x
6173;x
11132;x
69376;x
88023;x
83205;x
13447;x
40023;x
45209;x
57645;x
82785;x
80425;x
28921;x
57004;x
95279;x
17729;x
13004;x
7990;x
33836;x
93991;x
14255;x
66814;x
74052;x
77037;x
63170;x
65087;x
99823;x
63410;x
41383;x
77875;x
99972;x
60389;x
29118;x
47995;x
4147;x
50927;x
70266;x
77068;x
94281;x
30683;x
3800;x
38571;x
4336;x
62060;x
57509;x
75908;x
51766;x
60735;x
96911;x
17618;x
45311;x
66292;x
89874;x
26640;x
44667;x
37798;x
75815;x
47636;x
88714;x
34301;x
33491;x
42453;x
21031;x
26051;x
38229;x
34511;x
78556;x
51871;x
79064;x
76828;x
20003;x
62569;x
26920;x
74677;x
74885;x
88664;x
30326;x
77745;x
22421;x
11265;x
91654;x
29923;x
90655;x
70458;x
77756;x
12964;x
93593;x
93066;x
40952;x
73404;x
48271;x
4752;x
87686;x
31300;x
28319;x
28827;x
83411;x
44067;x
90485;x
79715;x
82248;x
17378;x
68864;x
46162;x
44951;x
60252;x
31453;x
71775;x
74086;x
15981;x
47702;x
92971;x
18835;x
9785;x
86990;x
31663;x
18585;x
27915;x
27110;x
93995;x
28304;x
59845;x
79637;x
25482;x
90237;x
55772;x
78433;x
56274;x
21452;x
32525;x
40142;x
73609;x
95099;x
42306;x
1266;x
13199;x
6141;x
22085;x
51385;x
52124;x
51646;x
80096;x
17923;x
4657;x
76526;x
67549;x
42370;x
21865;x
57751;x
64629;x
9307;x
93078;x
83059;x
12089;x
7649;x
87075;x
90630;x
94733;x
74514;x
28735;x
27820;x
96307;x
93021;x
14293;x
67940;x
52120;x
60151;x
19935;x
56214;x
12011;x
58111;x
67213;x
99931;x
28024;x
76425;x
30322;x
30425;x
15102;x
80148;x
96384;x
1876;x
7986;x
71641;x
62728;x
32095;x
58043;x
14552;x
3632;x
51070;x
66595;x
82853;x
20802;x
65721;x
52296;x
62852;x
86023;x
73244;x
84715;x
26469;x
43922;x
61129;x
51848;x
76050;x
50578;x
85482;x
22342;x
55093;x
95490;x
74923;x
85541;x
88532;x
29903;x
79916;x
60254;x
84502;x
66998;x
81732;x
9744;x
66108;x
88340;x
28971;x
22865;x
55645;x
90468;x
87024;x
54034;x
29541;x
42121;x
99991;x
82941;x
76390;x
69594;x
97218;x
14849;x
82800;x
83288;x
39957;x
74922;x
79071;x
99094;x
48279;x
69706;x
47771;x
21624;x
10299;x
16452;x
85284;x
4942;x
39092;x
84491;x
57089;x
24816;x
61882;x
49974;x
51859;x
4435;x
16312;x
19437;x
61968;x
77870;x
9393;x
23550;x
99670;x
50510;x
91281;x
74885;x
5023;x
6712;x
28746;x
63149;x
49540;x
11675;x
6613;x
41986;x
14572;x
60267;x
66966;x
78245;x
63373;x
54377;x
63421;x
63080;x
45542;x
8393;x
59531;x
20306;x
75000;x
51281;x
60724;x
9387;x
68623;x
1659;x
59209;x
55490;x
17372;x
54943;x
691;x
69290;x
68139;x
91264;x
88670;x
33056;x
51613;x
43810;x
58850;x
66965;x
39031;x
9121;x
1867;x
63600;x
47308;x
21568;x
87070;x
22840;x
93223;x
4249;x
87315;x
24122;x
49340;x
82553;x
42691;x
33103;x
95581;x
41414;x
95162;x
59606;x
74953;x
35362;x
62880;x
88605;x
29008;x
42863;x
99581;x
42402;x
59934;x
45641;x
23210;x
3567;x
62647;x
427;x
90449;x
95073;x
39901;x
17844;x
50147;x
22525;x
78592;x
71607;x
58587;x
10773;x
66064;x
78154;x
10615;x
76273;x
35436;x
84882;x
10987;x
49123;x
57834;x
63915;x
51530;x
20732;x
33233;x
88784;x
62047;x
36475;x
42839;x
38133;x
83931;x
92405;x
54286;x
58589;x
91866;x
62220;x
65740;x
37153;x
83197;x
24732;x
80855;x
67356;x
77456;x
27213;x
39407;x
32727;x
22350;x
77656;x
83594;x
44523;x
35625;x
63679;x
83072;x
22330;x
76358;x
11773;x
41316;x
86917;x
1756;x
31760;x
25813;x
83942;x
92870;x
31629;x
69757;x
37604;x
21760;x
57679;x
2191;x
36972;x
83591;x
62840;x
78494;x
33428;x
82676;x
89141;x
72524;x
95100;x
27670;x
94634;x
562;x
16483;x
14080;x
27841;x
61411;x
78123;x
6149;x
21293;x
3174;x
99836;x
74250;x
82548;x
21166;x
43284;x
52581;x
98884;x
98619;x
28416;x
90429;x
82879;x
99487;x
48297;x
29663;x
52100;x
63058;x
76823;x
99416;x
56418;x
27474;x
86779;x
6658;x
14815;x
71850;x
40071;x
46883;x
39316;x
93541;x
50297;x
88689;x
90002;x
19514;x
8594;x
69030;x
11236;x
62682;x
24475;x
93828;x
22283;x
89806;x
76863;x
25755;x
87030;x
36890;x
2416;x
58407;x
67238;x
22141;x
15799;x
45345;x
1525;x
2496;x
52948;x
27675;x
58467;x
97183;x
44524;x
37259;x
70609;x
94167;x
49881;x
63018;x
62926;x
20164;x
24867;x
65601;x
756;x
44818;x
89811;x
15992;x
58634;x
70627;x
59855;x
82711;x
96955;x
39329;x
97846;x
87946;x
62267;x
19375;x
45707;x
60358;x
77256;x
36972;x
18144;x
71409;x
26196;x
86135;x
19012;x
64266;x
88436;x
73468;x
80299;x
46659;x
76219;x
60327;x
35486;x
88660;x
35254;x
93932;x
49857;x
8271;x
83839;x
35454;x
37004;x
40577;x
33286;x
38981;x
38855;x
54281;x
89100;x
70294;x
30971;x
75256;x
86486;x
3456;x
52081;x
90812;x
76041;x
65200;x
6969;x
56471;x
37892;x
84462;x
33436;x
42568;x
27448;x
41661;x
87495;x
10793;x
55023;x
76166;x
37147;x
37912;x
24642;x
57319;x
95051;x
1290;x
10243;x
57118;x
73773;x
48492;x
92817;x
96488;x
83604;x
4454;x
38694;x
26101;x
6486;x
67219;x
30719;x
86417;x
33258;x
78704;x
95562;x
29341;x
42241;x
26845;x
3576;x
76812;x
5178;x
58814;x
50806;x
28644;x
44358;x
54866;x
46618;x
90947;x
20305;x
16563;x
91331;x
92507;x
48832;x
71155;x
69653;x
66522;x
79257;x
97986;x
92932;x
58189;x
2244;x
22891;x
433;x
35531;x
82242;x
22337;x
89376;x
45015;x
80480;x
63816;x
10057;x
34990;x
99444;x
86937;x
45695;x
41168;x
9830;x
94094;x
95129;x
47354;x
55074;x
23096;x
2698;x
22351;x
57986;x
43279;x
85835;x
73693;x
60929;x
27073;x
8132;x
20137;x
10195;x
58006;x
37705;x
40217;x
67361;x
58249;x
85685;x
80591;x
19751;x
77614;x
20981;x
37530;x
76833;x
49060;x
27247;x
25321;x
14811;x
72749;x
70971;x
49440;x
91551;x
37128;x
25133;x
41950;x
31236;x
24455;x
19806;x
94957;x
67036;x
55435;x
82253;x
59855;x
89928;x
15355;x
96793;x
30048;x
56003;x
20563;x
5059;x
78342;x
78736;x
85690;x
12936;x
80247;x
83527;x
56694;x
85608;x
83142;x
695;x
7626;x
33321;x
50195;x
50113;x
1096;x
95589;x
48384;x
59940;x
2115;x
49039;x
38710;x
11212;x
51860;x
49942;x
50746;x
48765;x
51073;x
13965;x
13996;x
25694;x
79849;x
93957;x
58571;x
14342;x
82295;x
43248;x
994;x
89567;x
24972;x
43972;x
917;x
21994;x
16779;x
59210;x
21677;x
91644;x
66188;x
36002;x
57822;x
12894;x
3672;x
52706;x
46963;x
57715;x
36543;x
51646;x
57572;x
95545;x
4750;x
92526;x
7509;x
16816;x
14212;x
15259;x
42370;x
44114;x
78470;x
17630;x
55310;x
17612;x
40414;x
42573;x
59598;x
66912;x
95167;x
40419;x
98957;x
21683;x
31892;x
89567;x
73248;x
23343;x
2841;x
18856;x
5803;x
89927;x
53999;x
25006;x
93469;x
33193;x
33802;x
71330;x
34217;x
96608;x
8019;x
66440;x
96420;x
30178;x
83213;x
82607;x
83230;x
75315;x
64948;x
72173;x
40302;x
27092;x
93590;x
20639;x
34539;x
34905;x
39898;x
45279;x
37490;x
77972;x
8239;x
46681;x
2149;x
84568;x
13118;x
5715;x
49599;x
72406;x
64341;x
54161;x
57779;x
50600;x
28284;x
96838;x
53043;x
30502;x
24202;x
46830;x
93344;x
99010;x
11660;x
57996;x
52372;x
19015;x
80111;x
33564;x
86038;x
82377;x
93652;x
97576;x
90028;x
51013;x
99607;x
61976;x
36760;x
25680;x
9225;x
59676;x
12320;x
85552;x
57221;x
27268;x
81707;x
25516;x
42568;x
69269;x
55403;x
70463;x
67069;x
97755;x
98572;x
50984;x
72398;x
84606;x
41967;x
63074;x
69955;x
84926;x
43728;x
61903;x
3209;x
59985;x
78743;x
70698;x
36071;x
28246;x
49810;x
37493;x
43486;x
21221;x
76120;x
37667;x
20836;x
46424;x
33680;x
66090;x
55243;x
87746;x
18452;x
98020;x
85879;x
58073;x
77179;x
91930;x
89798;x
19441;x
31276;x
7347;x
36242;x
62797;x
9077;x
63036;x
49839;x
42667;x
19511;x
50583;x
15860;x
10138;x
89447;x
86070;x
769;x
22185;x
28198;x
59145;x
12811;x
23394;x
62877;x
85964;x
83094;x
49000;x
27441;x
869;x
29626;x
26031;x
27887;x
86527;x
53879;x
2066;x
91857;x
80126;x
77123;x
97800;x
13469;x
2345;x
53487;x
75840;x
2011;x
54481;x
29269;x
71134;x
36858;x
62778;x
58949;x
6225;x
71867;x
42980;x
11314;x
68728;x
6855;x
46532;x
71858;x
95648;x
6672;x
3141;x
43937;x
40215;x
44225;x
58019;x
36732;x
34814;x
81049;x
1353;x
96833;x
78487;x
47609;x
55021;x
41241;x
66261;x
25182;x
26621;x
76074;x
320;x
82631;x
73738;x
45267;x
1434;x
9356;x
83484;x
86875;x
56160;x
44452;x
79321;x
80510;x
80904;x
57255;x
90653;x
74447;x
91067;x
28391;x
30833;x
41657;x
43672;x
10334;x
36643;x
9766;x
97255;x
23614;x
26676;x
82371;x
18585;x
41595;x
21921;x
18629;x
13834;x
33097;x
78385;x
17483;x
91900;x
45973;x
50604;x
55282;x
75624;x
59202;x
54724;x
18021;x
84860;x
6529;x
4563;x
57489;x
89465;x
98537;x
21523;x
61111;x
95091;x
89020;x
6789;x
15530;x
70202;x
67541;x
67412;x
94616;x
43983;x
79999;x
2475;x
43446;x
7287;x
39924;x
82966;x
68954;x
74912;x
98513;x
75341;x
44355;x
28024;x
65703;x
89941;x
25304;x
38687;x
20248;x
58624;x
69249;x
61844;x
59578;x
59938;x
50378;x
38961;x
73122;x
75088;x
46300;x
78779;x
54207;x
97845;x
28422;x
42462;x
82076;x
72298;x
45342;x
15296;x
91800;x
18515;x
90855;x
75265;x
78926;x
94945;x
66491;x
43828;x
15878;x
97825;x
31678;x
73222;x
28797;x
22224;x
44393;x
37362;x
87157;x
32856;x
77505;x
95817;x
95480;x
77037;x
84899;x
72817;x
33673;x
6947;x
89040;x
62494;x
36691;x
56592;x
43452;x
51981;x
47666;x
80233;x
89516;x
6166;x
91452;x
27318;x
89951;x
31262;x
23600;x
97461;x
83865;x
18096;x
96074;x
46064;x
33095;x
29917;x
71296;x
12361;x
75872;x
50182;x
42180;x
1600;x
51650;x
27539;x
37740;x
40601;x
50811;x
91454;x
85956;x
54384;x
53284;x
2474;x
49419;x
52920;x
15147;x
46059;x
25689;x
97225;x
95950;x
69073;x
45995;x
56075;x
17191;x
19307;x
96648;x
65284;x
16532;x
81039;x
68407;x
58766;x
9353;x
9260;x
95023;x
46514;x
24125;x
24186;x
83235;x
71704;x
84435;x
1868;x
47955;x
73075;x
25727;x
38473;x
24949;x
21219;x
32154;x
1923;x
6715;x
97552;x
28346;x
49948;x
24050;x
30711;x
82585;x
94960;x
41295;x
20962;x
68956;x
71015;x
40638;x
49956;x
48667;x
31779;x
83666;x
19383;x
55294;x
20983;x
29182;x
33227;x
72955;x
47548;x
20801;x
68756;x
53627;x
12651;x
66775;x
47473;x
20939;x
53442;x
64954;x
27301;x
16135;x
96207;x
79614;x
81402;x
81391;x
53565;x
36295;x
23131;x
96313;x
26513;x
97844;x
51613;x
75546;x
12945;x
45991;x
33629;x
19057;x
61724;x
5309;x
38618;x
53408;x
79512;x
75409;x
82513;x
28940;x
53780;x
24820;x
93340;x
21530;x
515;x
97431;x
21931;x
3390;x
7915;x
23285;x
44386;x
91749;x
52837;x
15469;x
10880;x
5248;x
99001;x
46963;x
20986;x
12913;x
14539;x
33435;x
55968;x
76651;x
95066;x
9922;x
28319;x
90772;x
91793;x
97480;x
33904;x
34970;x
96678;x
3543;x
58759;x
30792;x
49003;x
56522;x
84502;x
74282;x
11857;x
2496;x
63819;x
34373;x
8047;x
3230;x
33155;x
75805;x
64203;x
73971;x
9494;x
39750;x
41753;x
65343;x
93121;x
59614;x
34034;x
94228;x
50958;x
93035;x
9607;x
8856;x
15368;x
4972;x
1412;x
68186;x
71664;x
78460;x
60996;x
20301;x
84233;x
54845;x
86143;x
17469;x
30711;x
41236;x
35540;x
23598;x
69947;x
62370;x
83726;x
79901;x
64059;x
49403;x
49760;x
65507;x
236;x
27997;x
41093;x
21397;x
25214;x
3703;x
72412;x
14379;x
6422;x
33442;x
13927;x
20673;x
30223;x
88518;x
94292;x
58488;x
39888;x
70776;x
13103;x
63855;x
98155;x
98365;x
84843;x
99438;x
44533;x
36834;x
93425;x
63438;x
57662;x
98468;x
79628;x
40733;x
9663;x
81501;x
68293;x
73654;x
98948;x
65122;x
11160;x
65312;x
69523;x
29247;x
67420;x
9099;x
82832;x
74397;x
47072;x
82895;x
35853;x
51698;x
65464;x
42402;x
71750;x
67254;x
32266;x
76067;x
71808;x
28406;x
65846;x
17261;x
94222;x
66072;x
65459;x
37548;x
47927;x
3242;x
17729;x
77203;x
48917;x
65701;x
44481;x
96404;x
64501;x
80092;x
8433;x
16890;x
49192;x
41774;x
91974;x
39809;x
14284;x
50171;x
92967;x
36372;x
82684;x
36006;x
81761;x
19763;x
13378;x
29908;x
78819;x
42444;x
66387;x
10850;x
44420;x
90453;x
75788;x
91890;x
5620;x
74510;x
49999;x
37172;x
12967;x
897;x
44369;x
10270;x
43577;x
28081;x
79193;x
33189;x
18296;x
89219;x
60066;x
19296;x
82654;x
31484;x
94358;x
13736;x
62523;x
56587;x
12180;x
76437;x
57696;x
27843;x
24987;x
27338;x
41944;x
86237;x
27795;x
2847;x
32092;x
12943;x
74167;x
5421;x
35241;x
5610;x
63734;x
1224;x
58719;x
42787;x
46260;x
14511;x
94711;x
26513;x
12637;x
8936;x
2238;x
81523;x
58128;x
8838;x
70491;x
83355;x
73359;x
91023;x
1081;x
79671;x
33439;x
83467;x
60834;x
93953;x
36430;x
68781;x
8811;x
43799;x
92608;x
63207;x
86362;x
10267;x
27151;x
55571;x
53033;x
60968;x
17723;x
50092;x
41016;x
56738;x
77660;x
30671;x
56056;x
90012;x
10720;x
47305;x
83153;x
17719;x
84935;x
99212;x
34498;x
54583;x
60124;x
4354;x
76969;x
49287;x
49339;x
67873;x
79587;x
92418;x
94742;x
9282;x
4997;x
81676;x
94289;x
19705;x
12370;x
2572;x
25342;x
34583;x
91522;x
3318;x
794;x
16217;x
57138;x
99916;x
19981;x
80262;x
2527;x
30879;x
93553;x
56463;x
58203;x
37823;x
61513;x
14448;x
11635;x
34106;x
54137;x
12162;x
89819;x
4831;x
27840;x
10676;x
8721;x
51905;x
44155;x
24512;x
29820;x
65290;x
13150;x
36061;x
71185;x
53945;x
1324;x
5200;x
2147;x
59703;x
63216;x
1995;x
8143;x
49664;x
27927;x
72603;x
85202;x
4309;x
12740;x
36289;x
42244;x
91592;x
21886;x
10803;x
52646;x
45640;x
90933;x
41576;x
31227;x
97586;x
72813;x
32338;x
31825;x
77305;x
9971;x
55999;x
71585;x
78712;x
71907;x
40010;x
96775;x
17542;x
32720;x
89487;x
85279;x
84197;x
30773;x
75840;x
72433;x
93813;x
42744;x
76649;x
39681;x
24899;x
8926;x
27443;x
49401;x
90547;x
43730;x
93672;x
9781;x
8624;x
491;x
92845;x
34374;x
13534;x
16779;x
6902;x
37405;x
22693;x
84237;x
68936;x
43338;x
70877;x
25566;x
20069;x
89048;x
46503;x
9335;x
93514;x
5349;x
2151;x
5127;x
58595;x
45960;x
25456;x
92391;x
1583;x
54441;x
68546;x
53807;x
36955;x
75582;x
877;x
65722;x
4424;x
60439;x
27825;x
12184;x
81053;x
18702;x
22567;x
8070;x
25227;x
77185;x
64225;x
5474;x
53578;x
29567;x
12290;x
5959;x
41334;x
36268;x
41603;x
12380;x
30359;x
55481;x
34385;x
91856;x
18584;x
56382;x
91236;x
42561;x
20421;x
70818;x
23766;x
90703;x
23594;x
15943;x
85330;x
9898;x
91443;x
66765;x
597;x
25655;x
73783;x
48363;x
93967;x
21669;x
7637;x
23831;x
93433;x
35165;x
91377;x
65305;x
55554;x
90419;x
98479;x
26806;x
99803;x
72089;x
49790;x
42312;x
57674;x
95458;x
14444;x
2247;x
67960;x
10619;x
29455;x
24602;x
32704;x
50755;x
54777;x
75217;x
17900;x
19334;x
59199;x
23805;x
95547;x
42026;x
78607;x
19472;x
91424;x
59375;x
76684;x
92401;x
75468;x
21995;x
15863;x
4656;x
65748;x
40595;x
42051;x
94533;x
25379;x
72053;x
11554;x
56507;x
20559;x
32381;x
59356;x
20874;x
77667;x
94581;x
38118;x
6683;x
84297;x
71099;x
79125;x
85388;x
12450;x
23567;x
93030;x
32330;x
73734;x
37341;x
33494;x
56191;x
31567;x
38758;x
67611;x
73364;x
67049;x
47631;x
72437;x
55361;x
91773;x
51942;x
88035;x
23819;x
60537;x
37877;x
40542;x
83186;x
6118;x
52525;x
25566;x
46196;x
88286;x
18498;x
47339;x
72709;x
39236;x
26575;x
49453;x
39456;x
56385;x
6618;x
95387;x
54315;x
3417;x
14609;x
63894;x
91558;x
55755;x
82075;x
98047;x
94807;x
3290;x
7240;x
76457;x
84394;x
11162;x
88942;x
39386;x
67399;x
99919;x
40711;x
22857;x
76404;x
70788;x
49812;x
63212;x
67033;x
63335;x
41106;x
5763;x
42801;x
70016;x
53470;x
83385;x
31385;x
61827;x
97106;x
60530;x
24828;x
16471;x
54193;x
99044;x
12302;x
77323;x
68631;x
25129;x
27391;x
2424;x
82996;x
98519;x
38178;x
89892;x
70698;x
61609;x
80961;x
9809;x
42494;x
42357;x
47414;x
21349;x
26512;x
24580;x
85521;x
12747;x
9990;x
8531;x
26890;x
31726;x
96584;x
3881;x
25886;x
74121;x
90122;x
71501;x
11817;x
69382;x
44664;x
54822;x
69910;x
45000;x
76197;x
99705;x
72082;x
20629;x
45632;x
11388;x
90949;x
69572;x
98179;x
86819;x
61226;x
179;x
80184;x
17455;x
86788;x
2002;x
7266;x
38707;x
7068;x
995;x
73854;x
28965;x
72787;x
19965;x
58629;x
36576;x
17246;x
27792;x
34780;x
81938;x
84811;x
41812;x
85902;x
98890;x
24432;x
79130;x
62053;x
63789;x
19146;x
28398;x
33712;x
79053;x
94254;x
51476;x
61276;x
29796;x
2079;x
26613;x
96034;x
95214;x
84911;x
12848;x
9115;x
81796;x
30113;x
37480;x
9383;x
38115;x
796;x
77030;x
33146;x
74133;x
88738;x
72794;x
28731;x
92451;x
96091;x
14499;x
20724;x
37810;x
76928;x
72474;x
59294;x
61961;x
34237;x
336;x
65956;x
86606;x
43997;x
83121;x
12327;x
58441;x
43650;x
85250;x
60640;x
93974;x
82311;x
72492;x
63786;x
24711;x
43792;x
98783;x
77393;x
62800;x
59080;x
85216;x
14629;x
72198;x
93491;x
73609;x
51348;x
28251;x
32377;x
91551;x
72584;x
20135;x
19419;x
88947;x
71673;x
43948;x
55268;x
92505;x
61284;x
48665;x
30361;x
17440;x
29039;x
12608;x
61253;x
18300;x
93699;x
59614;x
79347;x
71581;x
14928;x
65987;x
19787;x
38337;x
84655;x
45194;x
42164;x
51585;x
10131;x
2802;x
77078;x
14556;x
91174;x
24741;x
76318;x
8258;x
55468;x
19857;x
63473;x
68351;x
44069;x
66676;x
97911;x
92686;x
17306;x
62552;x
12888;x
64305;x
50285;x
51749;x
72613;x
32358;x
15818;x
32223;x
29675;x
23943;x
21467;x
75123;x
38118;x
18310;x
50690;x
61698;x
74297;x
60926;x
17046;x
91771;x
23285;x
86133;x
19766;x
84096;x
58769;x
56241;x
7155;x
34089;x
27532;x
96927;x
80054;x
66193;x
1052;x
98714;x
83115;x
22325;x
20383;x
58761;x
74639;x
41865;x
26965;x
83969;x
1699;x
97092;x
53229;x
98991;x
18104;x
4399;x
41996;x
75158;x
36756;x
90642;x
5302;x
20300;x
96010;x
6474;x
23362;x
43030;x
80223;x
11607;x
31303;x
50638;x
76910;x
78802;x
25910;x
961;x
39430;x
56268;x
72311;x
80235;x
76999;x
65181;x
79079;x
23059;x
15471;x
68362;x
50306;x
53511;x
84833;x
20714;x
19173;x
74682;x
36518;x
37696;x
80424;x
20939;x
15501;x
49240;x
3228;x
68995;x
7603;x
16936;x
79519;x
14644;x
28707;x
77058;x
61624;x
24903;x
94578;x
17202;x
8375;x
87748;x
72990;x
877;x
46286;x
91113;x
3120;x
8695;x
29331;x
42093;x
74896;x
88269;x
81668;x
71081;x
26748;x
22397;x
17198;x
86698;x
790;x
33004;x
35805;x
5419;x
92513;x
19149;x
10975;x
75661;x
31790;x
79781;x
30605;x
52955;x
32299;x
35547;x
95044;x
38822;x
89290;x
68477;x
4592;x
7827;x
18556;x
31652;x
78300;x
80368;x
7446;x
27209;x
27308;x
51319;x
71539;x
38585;x
37060;x
3566;x
33947;x
11802;x
27499;x
11295;x
56444;x
68866;x
26609;x
15125;x
90132;x
30593;x
3513;x
12611;x
86602;x
11850;x
96255;x
50101;x
17902;x
92658;x
50711;x
65564;x
43945;x
84879;x
4986;x
66995;x
37516;x
78195;x
58304;x
41926;x
48588;x
12764;x
8206;x
19214;x
57385;x
34238;x
59728;x
6879;x
21859;x
43116;x
31797;x
27961;x
69517;x
67363;x
77202;x
30018;x
66412;x
88002;x
32685;x
83623;x
66403;x
8571;x
22926;x
231;x
92743;x
30206;x
58574;x
43884;x
66884;x
51555;x
22886;x
25815;x
84711;x
22621;x
14309;x
41048;x
52735;x
49229;x
75284;x
1778;x
1427;x
72943;x
18128;x
58114;x
32536;x
10100;x
70329;x
90770;x
3292;x
57683;x
98601;x
5375;x
58799;x
18590;x
56715;x
75745;x
49360;x
72530;x
82173;x
37876;x
10272;x
82314;x
29633;x
90130;x
12697;x
28156;x
90331;x
48895;x
71214;x
47822;x
79340;x
62091;x
52670;x
88161;x
81646;x
50665;x
30475;x
37676;x
53080;x
85012;x
94941;x
91526;x
21263;x
24372;x
71246;x
66663;x
33334;x
50514;x
10182;x
13200;x
72698;x
90324;x
70057;x
88826;x
70062;x
70631;x
48096;x
93149;x
76274;x
20421;x
46398;x
48079;x
79443;x
84967;x
26716;x
25562;x
72139;x
9693;x
62639;x
64312;x
53427;x
85064;x
33457;x
4423;x
48853;x
29026;x
84504;x
25225;x
92345;x
18419;x
80133;x
91630;x
18698;x
47960;x
68765;x
31849;x
4398;x
39824;x
3635;x
56697;x
37490;x
79230;x
26878;x
45917;x
5444;x
40869;x
54443;x
88809;x
44461;x
82912;x
77432;x
39739;x
38891;x
29277;x
61746;x
72595;x
86582;x
55200;x
36557;x
50631;x
5160;x
56038;x
46350;x
80230;x
96440;x
40990;x
90548;x
4472;x
17088;x
25869;x
91623;x
18508;x
92305;x
48025;x
4833;x
49240;x
82119;x
78836;x
49297;x
38479;x
71648;x
77470;x
69506;x
11094;x
62891;x
41129;x
47275;x
64951;x
50057;x
94075;x
98060;x
43852;x
50982;x
29433;x
59871;x
7190;x
2640;x
12245;x
36602;x
74141;x
87646;x
22657;x
90077;x
62739;x
97462;x
50373;x
15686;x
34866;x
51706;x
45361;x
86341;x
25835;x
15263;x
31562;x
58264;x
82498;x
38460;x
99969;x
82468;x
9309;x
86921;x
49202;x
17030;x
17327;x
10734;x
51725;x
75956;x
19538;x
37139;x
57053;x
18047;x
31972;x
8927;x
89003;x
51434;x
76739;x
37607;x
14652;x
51560;x
62363;x
85107;x
83656;x
22068;x
78110;x
84957;x
11692;x
43771;x
19399;x
97865;x
39647;x
99307;x
56068;x
66547;x
62300;x
94200;x
57001;x
77428;x
30217;x
85380;x
5771;x
18697;x
46698;x
79745;x
37439;x
32922;x
9620;x
40451;x
35837;x
73359;x
63101;x
90131;x
70740;x
81722;x
34283;x
84086;x
52504;x
77174;x
69929;x
37533;x
7651;x
78036;x
43986;x
21146;x
22203;x
41289;x
57512;x
32059;x
3746;x
33929;x
54608;x
31638;x
17896;x
131;x
93546;x
47160;x
8111;x
51011;x
15000;x
73268;x
7669;x
6156;x
53435;x
54445;x
2073;x
46372;x
37324;x
61718;x
81937;x
42337;x
45000;x
73498;x
46671;x
54359;x
98336;x
14771;x
43451;x
92808;x
29644;x
43319;x
22874;x
94416;x
7443;x
31154;x
31888;x
28359;x
24265;x
35875;x
23344;x
29237;x
45928;x
2702;x
67884;x
36344;x
92226;x
65083;x
43604;x
65690;x
61036;x
23173;x
85487;x
10609;x
80176;x
13797;x
76818;x
36436;x
87824;x
66514;x
3621;x
86213;x
81799;x
7790;x
64151;x
66475;x
82511;x
86207;x
87900;x
38633;x
88396;x
35528;x
64146;x
74943;x
10309;x
56657;x
65558;x
72030;x
33707;x
77739;x
89069;x
64422;x
60609;x
42140;x
96877;x
56645;x
36655;x
99626;x
96827;x
37332;x
36787;x
16047;x
25579;x
54663;x
43880;x
17935;x
45525;x
32434;x
78691;x
24248;x
70291;x
5592;x
55715;x
94344;x
82457;x
54580;x
12618;x
63966;x
3937;x
51251;x
21800;x
21678;x
75210;x
24111;x
16015;x
34988;x
39178;x
42128;x
90237;x
71417;x
28510;x
54723;x
12547;x
62762;x
55415;x
98955;x
62786;x
68115;x
57686;x
79665;x
95003;x
558;x
54464;x
45919;x
21407;x
93282;x
99737;x
64100;x
2179;x
85040;x
83541;x
7017;x
54273;x
4335;x
61628;x
31435;x
97212;x
46570;x
44084;x
83815;x
60868;x
8372;x
53724;x
80657;x
23180;x
76901;x
9603;x
7474;x
27061;x
76426;x
9051;x
7907;x
91463;x
54448;x
73536;x
80962;x
58709;x
14386;x
23443;x
48906;x
50918;x
97692;x
69493;x
58510;x
48699;x
74366;x
65999;x
93122;x
66744;x
